"timestamp","state","bitrate","rate","queued","tx_done","echo","pending","bad","unexpected","timeout","qfail","rx_lost","tef_lost","err_events","bo_events","tec","rec","tec_max","rec_max","lec","rtt_max_us","late","uart_err"
"2026-10-05T12:45:50.4422323+08:00","PAUSED","1000000","2500","18642","18642","18642","0","0","0","0","0","0","0","0","0","0","0","0","0","0","1665","9","0"
"2026-10-05T12:45:51.1806919+08:00","PAUSED","1000000","2500","0","0","0","0","0","0","0","0","0","0","0","0","0","0","0","0","0","0","0","0"
"2026-10-05T12:45:51.2127343+08:00","RUN","1000000","2500","0","0","0","0","0","0","0","0","0","0","0","0","0","0","0","0","0","0","0","0"
"2026-10-05T12:45:52.2327742+08:00","RUN","1000000","2500","2320","2319","2319","1","0","0","0","0","0","0","0","0","0","0","0","0","0","408","1","0"
"2026-10-05T12:45:53.2120922+08:00","RUN","1000000","2500","4642","4641","4641","1","0","0","0","0","0","0","0","0","0","0","0","0","0","1484","2","0"
"2026-10-05T12:45:54.2210977+08:00","RUN","1000000","2500","6964","6963","6963","1","0","0","0","0","0","0","0","0","0","0","0","0","0","1484","3","0"
"2026-10-05T12:45:55.1994516+08:00","RUN","1000000","2500","9286","9286","9285","1","0","0","0","0","0","0","0","0","0","0","0","0","0","1485","4","0"
"2026-10-05T12:45:56.1998970+08:00","RUN","1000000","2500","11608","11607","11607","1","0","0","0","0","0","0","0","0","0","0","0","0","0","1617","5","0"
"2026-10-05T12:45:57.2158412+08:00","RUN","1000000","2500","13930","13929","13929","1","0","0","0","0","0","0","0","0","0","0","0","0","0","1617","6","0"
"2026-10-05T12:45:58.2056735+08:00","RUN","1000000","2500","16252","16251","16251","1","0","0","0","0","0","0","0","0","0","0","0","0","0","1617","7","0"
"2026-10-05T12:45:59.1991131+08:00","RUN","1000000","2500","18574","18573","18573","1","0","0","0","0","0","0","0","0","0","0","0","0","0","1617","8","0"
"2026-10-05T12:46:00.1968870+08:00","RUN","1000000","2500","20895","20895","20894","1","0","0","0","0","0","0","0","0","0","0","0","0","0","1617","9","0"
"2026-10-05T12:46:01.1947254+08:00","RUN","1000000","2500","23217","23216","23216","1","0","0","0","0","0","0","0","0","0","0","0","0","0","1665","10","0"
"2026-10-05T12:46:02.1941140+08:00","RUN","1000000","2500","25538","25538","25537","1","0","0","0","0","0","0","0","0","0","0","0","0","0","1665","11","0"
"2026-10-05T12:46:03.1952521+08:00","RUN","1000000","2500","27860","27859","27859","1","0","0","0","0","0","0","0","0","0","0","0","0","0","1667","12","0"
"2026-10-05T12:46:04.1819763+08:00","RUN","1000000","2500","30182","30181","30181","1","0","0","0","0","0","0","0","0","0","0","0","0","0","1667","13","0"
"2026-10-05T12:46:05.1791395+08:00","RUN","1000000","2500","32503","32503","32502","1","0","0","0","0","0","0","0","0","0","0","0","0","0","1667","14","0"
"2026-10-05T12:46:06.1987656+08:00","RUN","1000000","2500","34825","34825","34824","1","0","0","0","0","0","0","0","0","0","0","0","0","0","1667","15","0"
"2026-10-05T12:46:07.1972951+08:00","RUN","1000000","2500","37147","37146","37146","1","0","0","0","0","0","0","0","0","0","0","0","0","0","1667","16","0"
"2026-10-05T12:46:08.1802187+08:00","RUN","1000000","2500","39470","39469","39469","1","0","0","0","0","0","0","0","0","0","0","0","0","0","1667","17","0"
"2026-10-05T12:46:09.1719304+08:00","RUN","1000000","2500","41793","41792","41792","1","0","0","0","0","0","0","0","0","0","0","0","0","0","1667","18","0"
"2026-10-05T12:46:10.1921408+08:00","RUN","1000000","2500","44115","44115","44114","1","0","0","0","0","0","0","0","0","0","0","0","0","0","1667","19","0"
"2026-10-05T12:46:11.1770829+08:00","RUN","1000000","2500","46438","46437","46437","1","0","0","0","0","0","0","0","0","0","0","0","0","0","1667","20","0"
"2026-10-05T12:46:12.1881019+08:00","RUN","1000000","2500","48760","48759","48759","1","0","0","0","0","0","0","0","0","0","0","0","0","0","1667","21","0"
"2026-10-05T12:46:13.1686105+08:00","RUN","1000000","2500","51083","51083","51082","1","0","0","0","0","0","0","0","0","0","0","0","0","0","1667","22","0"
"2026-10-05T12:46:14.1906686+08:00","RUN","1000000","2500","53406","53405","53405","1","0","0","0","0","0","0","0","0","0","0","0","0","0","1667","23","0"
"2026-10-05T12:46:15.1658372+08:00","RUN","1000000","2500","55729","55728","55728","1","0","0","0","0","0","0","0","0","0","0","0","0","0","1667","24","0"
"2026-10-05T12:46:16.1855355+08:00","RUN","1000000","2500","58053","58052","58052","1","0","0","0","0","0","0","0","0","0","0","0","0","0","1667","25","0"
"2026-10-05T12:46:17.1784317+08:00","RUN","1000000","2500","60375","60374","60374","1","0","0","0","0","0","0","0","0","0","0","0","0","0","1667","26","0"
"2026-10-05T12:46:18.1761645+08:00","RUN","1000000","2500","62698","62697","62697","1","0","0","0","0","0","0","0","0","0","0","0","0","0","1667","27","0"
"2026-10-05T12:46:19.1738868+08:00","RUN","1000000","2500","65021","65020","65020","1","0","0","0","0","0","0","0","0","0","0","0","0","0","1667","28","0"
"2026-10-05T12:46:20.1583424+08:00","RUN","1000000","2500","67343","67342","67342","1","0","0","0","0","0","0","0","0","0","0","0","0","0","1667","29","0"
"2026-10-05T12:46:21.1448218+08:00","RUN","1000000","2500","69665","69665","69664","1","0","0","0","0","0","0","0","0","0","0","0","0","0","1667","30","0"
"2026-10-05T12:46:22.1687945+08:00","RUN","1000000","2500","71987","71986","71986","1","0","0","0","0","0","0","0","0","0","0","0","0","0","1667","31","0"
"2026-10-05T12:46:23.1693381+08:00","RUN","1000000","2500","74309","74308","74308","1","0","0","0","0","0","0","0","0","0","0","0","0","0","1667","32","0"
"2026-10-05T12:46:24.1511037+08:00","RUN","1000000","2500","76632","76631","76631","1","0","0","0","0","0","0","0","0","0","0","0","0","0","1667","33","0"
"2026-10-05T12:46:25.1481695+08:00","RUN","1000000","2500","78955","78954","78954","1","0","0","0","0","0","0","0","0","0","0","0","0","0","1667","34","0"
"2026-10-05T12:46:26.1334558+08:00","RUN","1000000","2500","81277","81276","81276","1","0","0","0","0","0","0","0","0","0","0","0","0","0","1667","35","0"
"2026-10-05T12:46:27.1417601+08:00","RUN","1000000","2500","83599","83599","83598","1","0","0","0","0","0","0","0","0","0","0","0","0","0","1667","36","0"
"2026-10-05T12:46:28.1391306+08:00","RUN","1000000","2500","85921","85920","85920","1","0","0","0","0","0","0","0","0","0","0","0","0","0","1667","37","0"
"2026-10-05T12:46:29.1286908+08:00","RUN","1000000","2500","88244","88243","88243","1","0","0","0","0","0","0","0","0","0","0","0","0","0","1667","38","0"
"2026-10-05T12:46:30.1256303+08:00","RUN","1000000","2500","90567","90566","90566","1","0","0","0","0","0","0","0","0","0","0","0","0","0","1667","39","0"
"2026-10-05T12:46:31.1440718+08:00","RUN","1000000","2500","92891","92890","92890","1","0","0","0","0","0","0","0","0","0","0","0","0","0","1667","40","0"
"2026-10-05T12:46:32.1445329+08:00","RUN","1000000","2500","95213","95213","95212","1","0","0","0","0","0","0","0","0","0","0","0","0","0","1667","41","0"
"2026-10-05T12:46:33.1349426+08:00","RUN","1000000","2500","97536","97535","97535","1","0","0","0","0","0","0","0","0","0","0","0","0","0","1667","42","0"
"2026-10-05T12:46:34.1254485+08:00","RUN","1000000","2500","99858","99857","99857","1","0","0","0","0","0","0","0","0","0","0","0","0","0","1667","43","0"
"2026-10-05T12:46:35.1403184+08:00","RUN","1000000","2500","102181","102180","102180","1","0","0","0","0","0","0","0","0","0","0","0","0","0","1667","44","0"
"2026-10-05T12:46:36.1135749+08:00","RUN","1000000","2500","104505","104504","104504","1","0","0","0","0","0","0","0","0","0","0","0","0","0","1667","45","0"
"2026-10-05T12:46:37.1209911+08:00","RUN","1000000","2500","106827","106827","106826","1","0","0","0","0","0","0","0","0","0","0","0","0","0","1667","46","0"
"2026-10-05T12:46:38.1234762+08:00","RUN","1000000","2500","109150","109149","109149","1","0","0","0","0","0","0","0","0","0","0","0","0","0","1667","47","0"
"2026-10-05T12:46:39.1123289+08:00","RUN","1000000","2500","111472","111472","111471","1","0","0","0","0","0","0","0","0","0","0","0","0","0","1667","48","0"
"2026-10-05T12:46:40.1175030+08:00","RUN","1000000","2500","113795","113794","113794","1","0","0","0","0","0","0","0","0","0","0","0","0","0","1667","49","0"
"2026-10-05T12:46:41.1271441+08:00","RUN","1000000","2500","116118","116117","116117","1","0","0","0","0","0","0","0","0","0","0","0","0","0","1667","50","0"
"2026-10-05T12:46:42.1150368+08:00","RUN","1000000","2500","118440","118439","118439","1","0","0","0","0","0","0","0","0","0","0","0","0","0","1667","51","0"
"2026-10-05T12:46:43.1057208+08:00","RUN","1000000","2500","120763","120762","120762","1","0","0","0","0","0","0","0","0","0","0","0","0","0","1667","52","0"
"2026-10-05T12:46:44.1209109+08:00","RUN","1000000","2500","123085","123085","123084","1","0","0","0","0","0","0","0","0","0","0","0","0","0","1667","53","0"
"2026-10-05T12:46:45.1192104+08:00","RUN","1000000","2500","125408","125407","125407","1","0","0","0","0","0","0","0","0","0","0","0","0","0","1671","54","0"
"2026-10-05T12:46:46.1023858+08:00","RUN","1000000","2500","127731","127730","127730","1","0","0","0","0","0","0","0","0","0","0","0","0","0","1671","55","0"
"2026-10-05T12:46:47.1121032+08:00","RUN","1000000","2500","130053","130052","130052","1","0","0","0","0","0","0","0","0","0","0","0","0","0","1671","56","0"
"2026-10-05T12:46:48.1172686+08:00","RUN","1000000","2500","132375","132374","132374","1","0","0","0","0","0","0","0","0","0","0","0","0","0","1671","57","0"
"2026-10-05T12:46:49.1143177+08:00","RUN","1000000","2500","134697","134696","134696","1","0","0","0","0","0","0","0","0","0","0","0","0","0","1671","58","0"
"2026-10-05T12:46:50.0889688+08:00","RUN","1000000","2500","137019","137018","137018","1","0","0","0","0","0","0","0","0","0","0","0","0","0","1671","59","0"
"2026-10-05T12:46:51.1115295+08:00","RUN","1000000","2500","139342","139341","139341","1","0","0","0","0","0","0","0","0","0","0","0","0","0","1671","60","0"
"2026-10-05T12:46:52.0793809+08:00","RUN","1000000","2500","141664","141664","141663","1","0","0","0","0","0","0","0","0","0","0","0","0","0","1671","61","0"
"2026-10-05T12:46:53.0841186+08:00","RUN","1000000","2500","143987","143986","143986","1","0","0","0","0","0","0","0","0","0","0","0","0","0","1671","62","0"
"2026-10-05T12:46:54.1013012+08:00","RUN","1000000","2500","146310","146309","146309","1","0","0","0","0","0","0","0","0","0","0","0","0","0","1671","63","0"
"2026-10-05T12:46:55.0972179+08:00","RUN","1000000","2500","148632","148631","148631","1","0","0","0","0","0","0","0","0","0","0","0","0","0","1671","64","0"
"2026-10-05T12:46:56.0855048+08:00","RUN","1000000","2500","150955","150955","150954","1","0","0","0","0","0","0","0","0","0","0","0","0","0","1671","65","0"
"2026-10-05T12:46:57.0751656+08:00","RUN","1000000","2500","153278","153277","153277","1","0","0","0","0","0","0","0","0","0","0","0","0","0","1671","66","0"
"2026-10-05T12:46:58.0886116+08:00","RUN","1000000","2500","155601","155600","155600","1","0","0","0","0","0","0","0","0","0","0","0","0","0","1671","67","0"
"2026-10-05T12:46:59.0935869+08:00","RUN","1000000","2500","157923","157923","157922","1","0","0","0","0","0","0","0","0","0","0","0","0","0","1671","68","0"
"2026-10-05T12:47:00.0649793+08:00","RUN","1000000","2500","160245","160245","160244","1","0","0","0","0","0","0","0","0","0","0","0","0","0","1671","69","0"
"2026-10-05T12:47:01.0852536+08:00","RUN","1000000","2500","162567","162567","162566","1","0","0","0","0","0","0","0","0","0","0","0","0","0","1671","70","0"
"2026-10-05T12:47:02.0793156+08:00","RUN","1000000","2500","164889","164888","164888","1","0","0","0","0","0","0","0","0","0","0","0","0","0","1671","71","0"
"2026-10-05T12:47:03.0715012+08:00","RUN","1000000","2500","167211","167210","167210","1","0","0","0","0","0","0","0","0","0","0","0","0","0","1671","72","0"
"2026-10-05T12:47:04.0673041+08:00","RUN","1000000","2500","169534","169533","169533","1","0","0","0","0","0","0","0","0","0","0","0","0","0","1671","73","0"
"2026-10-05T12:47:05.0729847+08:00","RUN","1000000","2500","171857","171857","171856","1","0","0","0","0","0","0","0","0","0","0","0","0","0","1671","74","0"
"2026-10-05T12:47:06.0721233+08:00","RUN","1000000","2500","174180","174179","174179","1","0","0","0","0","0","0","0","0","0","0","0","0","0","1672","75","0"
"2026-10-05T12:47:07.0755423+08:00","RUN","1000000","2500","176503","176502","176502","1","0","0","0","0","0","0","0","0","0","0","0","0","0","1672","76","0"
"2026-10-05T12:47:08.0656593+08:00","RUN","1000000","2500","178825","178824","178824","1","0","0","0","0","0","0","0","0","0","0","0","0","0","1672","77","0"
"2026-10-05T12:47:09.0654306+08:00","RUN","1000000","2500","181147","181147","181146","1","0","0","0","0","0","0","0","0","0","0","0","0","0","1672","78","0"
"2026-10-05T12:47:10.0634600+08:00","RUN","1000000","2500","183469","183468","183468","1","0","0","0","0","0","0","0","0","0","0","0","0","0","1672","79","0"
"2026-10-05T12:47:11.0776533+08:00","RUN","1000000","2500","185791","185791","185790","1","0","0","0","0","0","0","0","0","0","0","0","0","0","1672","80","0"
"2026-10-05T12:47:12.0485407+08:00","RUN","1000000","2500","188114","188113","188113","1","0","0","0","0","0","0","0","0","0","0","0","0","0","1672","81","0"
"2026-10-05T12:47:13.0450642+08:00","RUN","1000000","2500","190436","190435","190435","1","0","0","0","0","0","0","0","0","0","0","0","0","0","1672","82","0"
"2026-10-05T12:47:14.0568602+08:00","RUN","1000000","2500","192758","192757","192757","1","0","0","0","0","0","0","0","0","0","0","0","0","0","1672","83","0"
"2026-10-05T12:47:15.0574328+08:00","RUN","1000000","2500","195081","195080","195080","1","0","0","0","0","0","0","0","0","0","0","0","0","0","1672","84","0"
"2026-10-05T12:47:16.0449532+08:00","RUN","1000000","2500","197403","197402","197402","1","0","0","0","0","0","0","0","0","0","0","0","0","0","1672","85","0"
"2026-10-05T12:47:17.0377565+08:00","RUN","1000000","2500","199724","199724","199723","1","0","0","0","0","0","0","0","0","0","0","0","0","0","1672","86","0"
"2026-10-05T12:47:18.0583400+08:00","RUN","1000000","2500","202046","202046","202045","1","0","0","0","0","0","0","0","0","0","0","0","0","0","1672","87","0"
"2026-10-05T12:47:19.0281019+08:00","RUN","1000000","2500","204368","204368","204367","1","0","0","0","0","0","0","0","0","0","0","0","0","0","1672","88","0"
"2026-10-05T12:47:20.0451255+08:00","RUN","1000000","2500","206690","206689","206689","1","0","0","0","0","0","0","0","0","0","0","0","0","0","1672","89","0"
"2026-10-05T12:47:21.0489043+08:00","RUN","1000000","2500","209013","209012","209012","1","0","0","0","0","0","0","0","0","0","0","0","0","0","1672","90","0"
"2026-10-05T12:47:22.0393359+08:00","RUN","1000000","2500","211336","211335","211335","1","0","0","0","0","0","0","0","0","0","0","0","0","0","1672","91","0"
"2026-10-05T12:47:23.0438924+08:00","RUN","1000000","2500","213658","213657","213657","1","0","0","0","0","0","0","0","0","0","0","0","0","0","1672","92","0"
"2026-10-05T12:47:24.0417806+08:00","RUN","1000000","2500","215981","215981","215980","1","0","0","0","0","0","0","0","0","0","0","0","0","0","1672","93","0"
"2026-10-05T12:47:25.0314009+08:00","RUN","1000000","2500","218303","218302","218302","1","0","0","0","0","0","0","0","0","0","0","0","0","0","1672","94","0"
"2026-10-05T12:47:26.0211937+08:00","RUN","1000000","2500","220625","220625","220624","1","0","0","0","0","0","0","0","0","0","0","0","0","0","1672","95","0"
"2026-10-05T12:47:27.0296256+08:00","RUN","1000000","2500","222948","222947","222947","1","0","0","0","0","0","0","0","0","0","0","0","0","0","1672","96","0"
"2026-10-05T12:47:28.0248983+08:00","RUN","1000000","2500","225271","225270","225270","1","0","0","0","0","0","0","0","0","0","0","0","0","0","1672","97","0"
"2026-10-05T12:47:29.0076225+08:00","RUN","1000000","2500","227593","227592","227592","1","0","0","0","0","0","0","0","0","0","0","0","0","0","1672","98","0"
"2026-10-05T12:47:30.0068797+08:00","RUN","1000000","2500","229914","229914","229913","1","0","0","0","0","0","0","0","0","0","0","0","0","0","1672","99","0"
"2026-10-05T12:47:31.0260288+08:00","RUN","1000000","2500","232236","232236","232235","1","0","0","0","0","0","0","0","0","0","0","0","0","0","1715","100","0"
"2026-10-05T12:47:32.0232501+08:00","RUN","1000000","2500","234559","234558","234558","1","0","0","0","0","0","0","0","0","0","0","0","0","0","1715","101","0"
"2026-10-05T12:47:33.0192043+08:00","RUN","1000000","2500","236881","236880","236880","1","0","0","0","0","0","0","0","0","0","0","0","0","0","1715","102","0"
"2026-10-05T12:47:34.0079610+08:00","RUN","1000000","2500","239204","239203","239203","1","0","0","0","0","0","0","0","0","0","0","0","0","0","1715","103","0"
"2026-10-05T12:47:35.0107013+08:00","RUN","1000000","2500","241526","241525","241525","1","0","0","0","0","0","0","0","0","0","0","0","0","0","1715","104","0"
"2026-10-05T12:47:36.0049914+08:00","RUN","1000000","2500","243849","243848","243848","1","0","0","0","0","0","0","0","0","0","0","0","0","0","1715","105","0"
"2026-10-05T12:47:37.0080682+08:00","RUN","1000000","2500","246171","246170","246170","1","0","0","0","0","0","0","0","0","0","0","0","0","0","1715","106","0"
"2026-10-05T12:47:37.9854735+08:00","RUN","1000000","2500","248494","248493","248493","1","0","0","0","0","0","0","0","0","0","0","0","0","0","1715","107","0"
"2026-10-05T12:47:38.9927987+08:00","RUN","1000000","2500","250816","250815","250815","1","0","0","0","0","0","0","0","0","0","0","0","0","0","1715","108","0"
"2026-10-05T12:47:40.0009345+08:00","RUN","1000000","2500","253138","253137","253137","1","0","0","0","0","0","0","0","0","0","0","0","0","0","1715","109","0"
"2026-10-05T12:47:40.9913271+08:00","RUN","1000000","2500","255460","255459","255459","1","0","0","0","0","0","0","0","0","0","0","0","0","0","1715","110","0"
"2026-10-05T12:47:42.0018330+08:00","RUN","1000000","2500","257782","257781","257781","1","0","0","0","0","0","0","0","0","0","0","0","0","0","1715","111","0"
"2026-10-05T12:47:42.9928172+08:00","RUN","1000000","2500","260103","260103","260102","1","0","0","0","0","0","0","0","0","0","0","0","0","0","1715","112","0"
"2026-10-05T12:47:43.9821350+08:00","RUN","1000000","2500","262425","262424","262424","1","0","0","0","0","0","0","0","0","0","0","0","0","0","1715","113","0"
"2026-10-05T12:47:44.9731169+08:00","RUN","1000000","2500","264747","264746","264746","1","0","0","0","0","0","0","0","0","0","0","0","0","0","1715","114","0"
"2026-10-05T12:47:45.9858310+08:00","RUN","1000000","2500","267068","267068","267067","1","0","0","0","0","0","0","0","0","0","0","0","0","0","1715","115","0"
"2026-10-05T12:47:46.9688627+08:00","RUN","1000000","2500","269390","269389","269389","1","0","0","0","0","0","0","0","0","0","0","0","0","0","1715","116","0"
"2026-10-05T12:47:47.9752233+08:00","RUN","1000000","2500","271713","271712","271712","1","0","0","0","0","0","0","0","0","0","0","0","0","0","1715","117","0"
"2026-10-05T12:47:48.9866701+08:00","RUN","1000000","2500","274035","274034","274034","1","0","0","0","0","0","0","0","0","0","0","0","0","0","1715","118","0"
"2026-10-05T12:47:49.9743236+08:00","RUN","1000000","2500","276358","276358","276357","1","0","0","0","0","0","0","0","0","0","0","0","0","0","1715","119","0"
"2026-10-05T12:47:50.9869129+08:00","RUN","1000000","2500","278681","278680","278680","1","0","0","0","0","0","0","0","0","0","0","0","0","0","1715","120","0"
"2026-10-05T12:47:51.9836683+08:00","RUN","1000000","2500","281003","281002","281002","1","0","0","0","0","0","0","0","0","0","0","0","0","0","1715","121","0"
"2026-10-05T12:47:52.9804811+08:00","RUN","1000000","2500","283326","283325","283325","1","0","0","0","0","0","0","0","0","0","0","0","0","0","1715","122","0"
"2026-10-05T12:47:53.9705994+08:00","RUN","1000000","2500","285650","285649","285649","1","0","0","0","0","0","0","0","0","0","0","0","0","0","1715","123","0"
"2026-10-05T12:47:54.9542720+08:00","RUN","1000000","2500","287972","287971","287971","1","0","0","0","0","0","0","0","0","0","0","0","0","0","1715","124","0"
"2026-10-05T12:47:55.9655214+08:00","RUN","1000000","2500","290295","290294","290294","1","0","0","0","0","0","0","0","0","0","0","0","0","0","1715","125","0"
"2026-10-05T12:47:56.9694288+08:00","RUN","1000000","2500","292617","292616","292616","1","0","0","0","0","0","0","0","0","0","0","0","0","0","1715","126","0"
"2026-10-05T12:47:57.9757955+08:00","RUN","1000000","2500","294939","294939","294938","1","0","0","0","0","0","0","0","0","0","0","0","0","0","1715","127","0"
"2026-10-05T12:47:58.9596649+08:00","RUN","1000000","2500","297261","297260","297260","1","0","0","0","0","0","0","0","0","0","0","0","0","0","1715","128","0"
"2026-10-05T12:47:59.9667912+08:00","RUN","1000000","2500","299583","299583","299582","1","0","0","0","0","0","0","0","0","0","0","0","0","0","1715","129","0"
"2026-10-05T12:48:00.9409031+08:00","RUN","1000000","2500","301905","301905","301904","1","0","0","0","0","0","0","0","0","0","0","0","0","0","1715","130","0"
"2026-10-05T12:48:01.9598464+08:00","RUN","1000000","2500","304227","304227","304226","1","0","0","0","0","0","0","0","0","0","0","0","0","0","1715","131","0"
"2026-10-05T12:48:02.9386672+08:00","RUN","1000000","2500","306549","306549","306548","1","0","0","0","0","0","0","0","0","0","0","0","0","0","1715","132","0"
"2026-10-05T12:48:03.9411790+08:00","RUN","1000000","2500","308871","308870","308870","1","0","0","0","0","0","0","0","0","0","0","0","0","0","1715","133","0"
"2026-10-05T12:48:04.9288376+08:00","RUN","1000000","2500","311193","311193","311192","1","0","0","0","0","0","0","0","0","0","0","0","0","0","1715","134","0"
"2026-10-05T12:48:05.9523680+08:00","RUN","1000000","2500","313516","313515","313515","1","0","0","0","0","0","0","0","0","0","0","0","0","0","1715","135","0"
"2026-10-05T12:48:06.9420439+08:00","RUN","1000000","2500","315839","315838","315838","1","0","0","0","0","0","0","0","0","0","0","0","0","0","1715","136","0"
"2026-10-05T12:48:07.9491798+08:00","RUN","1000000","2500","318162","318161","318161","1","0","0","0","0","0","0","0","0","0","0","0","0","0","1715","137","0"
"2026-10-05T12:48:08.9271819+08:00","RUN","1000000","2500","320485","320484","320484","1","0","0","0","0","0","0","0","0","0","0","0","0","0","1715","138","0"
"2026-10-05T12:48:09.9474377+08:00","RUN","1000000","2500","322807","322806","322806","1","0","0","0","0","0","0","0","0","0","0","0","0","0","1715","139","0"
"2026-10-05T12:48:10.9194266+08:00","RUN","1000000","2500","325129","325128","325128","1","0","0","0","0","0","0","0","0","0","0","0","0","0","1715","140","0"
"2026-10-05T12:48:11.9342908+08:00","RUN","1000000","2500","327450","327450","327449","1","0","0","0","0","0","0","0","0","0","0","0","0","0","1715","141","0"
"2026-10-05T12:48:12.9315282+08:00","RUN","1000000","2500","329772","329771","329771","1","0","0","0","0","0","0","0","0","0","0","0","0","0","1715","142","0"
"2026-10-05T12:48:13.9401371+08:00","RUN","1000000","2500","332095","332095","332094","1","0","0","0","0","0","0","0","0","0","0","0","0","0","1715","143","0"
"2026-10-05T12:48:14.9208986+08:00","RUN","1000000","2500","334418","334417","334417","1","0","0","0","0","0","0","0","0","0","0","0","0","0","1715","144","0"
"2026-10-05T12:48:15.9129827+08:00","RUN","1000000","2500","336740","336739","336739","1","0","0","0","0","0","0","0","0","0","0","0","0","0","1715","145","0"
"2026-10-05T12:48:16.9094954+08:00","RUN","1000000","2500","339062","339062","339061","1","0","0","0","0","0","0","0","0","0","0","0","0","0","1715","146","0"
"2026-10-05T12:48:17.9002664+08:00","RUN","1000000","2500","341385","341384","341384","1","0","0","0","0","0","0","0","0","0","0","0","0","0","1715","147","0"
"2026-10-05T12:48:18.8986375+08:00","RUN","1000000","2500","343708","343707","343707","1","0","0","0","0","0","0","0","0","0","0","0","0","0","1715","148","0"
"2026-10-05T12:48:19.9154376+08:00","RUN","1000000","2500","346030","346030","346029","1","0","0","0","0","0","0","0","0","0","0","0","0","0","1715","149","0"
"2026-10-05T12:48:20.9133444+08:00","RUN","1000000","2500","348352","348351","348351","1","0","0","0","0","0","0","0","0","0","0","0","0","0","1715","150","0"
"2026-10-05T12:48:21.8942616+08:00","RUN","1000000","2500","350674","350673","350673","1","0","0","0","0","0","0","0","0","0","0","0","0","0","1715","151","0"
"2026-10-05T12:48:22.8902397+08:00","RUN","1000000","2500","352996","352996","352995","1","0","0","0","0","0","0","0","0","0","0","0","0","0","1715","152","0"
"2026-10-05T12:48:23.9119316+08:00","RUN","1000000","2500","355318","355318","355317","1","0","0","0","0","0","0","0","0","0","0","0","0","0","1715","153","0"
"2026-10-05T12:48:24.9021242+08:00","RUN","1000000","2500","357640","357640","357639","1","0","0","0","0","0","0","0","0","0","0","0","0","0","1715","154","0"
"2026-10-05T12:48:25.8894138+08:00","RUN","1000000","2500","359962","359961","359961","1","0","0","0","0","0","0","0","0","0","0","0","0","0","1717","155","0"
"2026-10-05T12:48:26.8966626+08:00","RUN","1000000","2500","362284","362284","362283","1","0","0","0","0","0","0","0","0","0","0","0","0","0","1717","156","0"
"2026-10-05T12:48:27.9151516+08:00","RUN","1000000","2500","364607","364607","364606","1","0","0","0","0","0","0","0","0","0","0","0","0","0","1717","157","0"
"2026-10-05T12:48:28.8815172+08:00","RUN","1000000","2500","366930","366929","366929","1","0","0","0","0","0","0","0","0","0","0","0","0","0","1717","158","0"
"2026-10-05T12:48:29.8984345+08:00","RUN","1000000","2500","369253","369252","369252","1","0","0","0","0","0","0","0","0","0","0","0","0","0","1717","159","0"
"2026-10-05T12:48:30.9027451+08:00","RUN","1000000","2500","371575","371575","371574","1","0","0","0","0","0","0","0","0","0","0","0","0","0","1717","160","0"
"2026-10-05T12:48:31.8830634+08:00","RUN","1000000","2500","373897","373897","373896","1","0","0","0","0","0","0","0","0","0","0","0","0","0","1717","161","0"
"2026-10-05T12:48:32.8980934+08:00","RUN","1000000","2500","376220","376219","376219","1","0","0","0","0","0","0","0","0","0","0","0","0","0","1717","162","0"
"2026-10-05T12:48:33.8882651+08:00","RUN","1000000","2500","378542","378542","378541","1","0","0","0","0","0","0","0","0","0","0","0","0","0","1717","163","0"
"2026-10-05T12:48:34.8867954+08:00","RUN","1000000","2500","380865","380864","380864","1","0","0","0","0","0","0","0","0","0","0","0","0","0","1717","164","0"
"2026-10-05T12:48:35.8770802+08:00","RUN","1000000","2500","383187","383187","383186","1","0","0","0","0","0","0","0","0","0","0","0","0","0","1717","165","0"
"2026-10-05T12:48:36.8744921+08:00","RUN","1000000","2500","385510","385509","385509","1","0","0","0","0","0","0","0","0","0","0","0","0","0","1717","166","0"
"2026-10-05T12:48:37.8891304+08:00","RUN","1000000","2500","387833","387833","387832","1","0","0","0","0","0","0","0","0","0","0","0","0","0","1717","167","0"
"2026-10-05T12:48:38.8667284+08:00","RUN","1000000","2500","390155","390154","390154","1","0","0","0","0","0","0","0","0","0","0","0","0","0","1717","168","0"
"2026-10-05T12:48:39.8595607+08:00","RUN","1000000","2500","392477","392476","392476","1","0","0","0","0","0","0","0","0","0","0","0","0","0","1717","169","0"
"2026-10-05T12:48:40.8788723+08:00","RUN","1000000","2500","394798","394798","394797","1","0","0","0","0","0","0","0","0","0","0","0","0","0","1717","170","0"
"2026-10-05T12:48:41.8581666+08:00","RUN","1000000","2500","397120","397119","397119","1","0","0","0","0","0","0","0","0","0","0","0","0","0","1717","171","0"
"2026-10-05T12:48:42.8543026+08:00","RUN","1000000","2500","399443","399442","399442","1","0","0","0","0","0","0","0","0","0","0","0","0","0","1717","172","0"
"2026-10-05T12:48:43.8687473+08:00","RUN","1000000","2500","401765","401765","401764","1","0","0","0","0","0","0","0","0","0","0","0","0","0","1717","173","0"
"2026-10-05T12:48:44.8774159+08:00","RUN","1000000","2500","404088","404087","404087","1","0","0","0","0","0","0","0","0","0","0","0","0","0","1717","174","0"
"2026-10-05T12:48:45.8652142+08:00","RUN","1000000","2500","406410","406409","406409","1","0","0","0","0","0","0","0","0","0","0","0","0","0","1717","175","0"
"2026-10-05T12:48:46.8640541+08:00","RUN","1000000","2500","408733","408732","408732","1","0","0","0","0","0","0","0","0","0","0","0","0","0","1717","176","0"
"2026-10-05T12:48:47.8531479+08:00","RUN","1000000","2500","411056","411055","411055","1","0","0","0","0","0","0","0","0","0","0","0","0","0","1717","177","0"
"2026-10-05T12:48:48.8619941+08:00","RUN","1000000","2500","413379","413378","413378","1","0","0","0","0","0","0","0","0","0","0","0","0","0","1717","178","0"
"2026-10-05T12:48:49.8445063+08:00","RUN","1000000","2500","415701","415700","415700","1","0","0","0","0","0","0","0","0","0","0","0","0","0","1717","179","0"
"2026-10-05T12:48:50.8364562+08:00","RUN","1000000","2500","418024","418023","418023","1","0","0","0","0","0","0","0","0","0","0","0","0","0","1717","180","0"
"2026-10-05T12:48:51.8435380+08:00","RUN","1000000","2500","420347","420346","420346","1","0","0","0","0","0","0","0","0","0","0","0","0","0","1717","181","0"
"2026-10-05T12:48:52.8475313+08:00","RUN","1000000","2500","422669","422669","422668","1","0","0","0","0","0","0","0","0","0","0","0","0","0","1717","182","0"
"2026-10-05T12:48:53.8323957+08:00","RUN","1000000","2500","424991","424990","424990","1","0","0","0","0","0","0","0","0","0","0","0","0","0","1717","183","0"
"2026-10-05T12:48:54.8211482+08:00","RUN","1000000","2500","427313","427312","427312","1","0","0","0","0","0","0","0","0","0","0","0","0","0","1717","184","0"
"2026-10-05T12:48:55.8434238+08:00","RUN","1000000","2500","429635","429634","429634","1","0","0","0","0","0","0","0","0","0","0","0","0","0","1717","185","0"
"2026-10-05T12:48:56.8371450+08:00","RUN","1000000","2500","431957","431957","431956","1","0","0","0","0","0","0","0","0","0","0","0","0","0","1717","186","0"
"2026-10-05T12:48:57.8197195+08:00","RUN","1000000","2500","434279","434278","434278","1","0","0","0","0","0","0","0","0","0","0","0","0","0","1717","187","0"
"2026-10-05T12:48:58.8240917+08:00","RUN","1000000","2500","436601","436600","436600","1","0","0","0","0","0","0","0","0","0","0","0","0","0","1717","188","0"
"2026-10-05T12:48:59.8328633+08:00","RUN","1000000","2500","438923","438923","438922","1","0","0","0","0","0","0","0","0","0","0","0","0","0","1717","189","0"
"2026-10-05T12:49:00.8244844+08:00","RUN","1000000","2500","441246","441245","441245","1","0","0","0","0","0","0","0","0","0","0","0","0","0","1717","190","0"
"2026-10-05T12:49:01.8386192+08:00","RUN","1000000","2500","443568","443567","443567","1","0","0","0","0","0","0","0","0","0","0","0","0","0","1717","191","0"
"2026-10-05T12:49:02.8248620+08:00","RUN","1000000","2500","445890","445889","445889","1","0","0","0","0","0","0","0","0","0","0","0","0","0","1717","192","0"
"2026-10-05T12:49:03.8137776+08:00","RUN","1000000","2500","448213","448212","448212","1","0","0","0","0","0","0","0","0","0","0","0","0","0","1717","193","0"
"2026-10-05T12:49:04.8030583+08:00","RUN","1000000","2500","450535","450534","450534","1","0","0","0","0","0","0","0","0","0","0","0","0","0","1717","194","0"
"2026-10-05T12:49:05.8021488+08:00","RUN","1000000","2500","452857","452857","452856","1","0","0","0","0","0","0","0","0","0","0","0","0","0","1717","195","0"
"2026-10-05T12:49:06.8162984+08:00","RUN","1000000","2500","455180","455179","455179","1","0","0","0","0","0","0","0","0","0","0","0","0","0","1717","196","0"
"2026-10-05T12:49:07.8158745+08:00","RUN","1000000","2500","457503","457502","457502","1","0","0","0","0","0","0","0","0","0","0","0","0","0","1717","197","0"
"2026-10-05T12:49:08.8228258+08:00","RUN","1000000","2500","459825","459824","459824","1","0","0","0","0","0","0","0","0","0","0","0","0","0","1717","198","0"
"2026-10-05T12:49:09.7962224+08:00","RUN","1000000","2500","462147","462146","462146","1","0","0","0","0","0","0","0","0","0","0","0","0","0","1717","199","0"
"2026-10-05T12:49:10.8041510+08:00","RUN","1000000","2500","464470","464469","464469","1","0","0","0","0","0","0","0","0","0","0","0","0","0","1717","200","0"
"2026-10-05T12:49:11.7970318+08:00","RUN","1000000","2500","466793","466793","466792","1","0","0","0","0","0","0","0","0","0","0","0","0","0","1717","201","0"
"2026-10-05T12:49:12.7949923+08:00","RUN","1000000","2500","469116","469115","469115","1","0","0","0","0","0","0","0","0","0","0","0","0","0","1717","202","0"
"2026-10-05T12:49:13.7899370+08:00","RUN","1000000","2500","471438","471438","471437","1","0","0","0","0","0","0","0","0","0","0","0","0","0","1717","203","0"
"2026-10-05T12:49:14.7992238+08:00","RUN","1000000","2500","473760","473760","473759","1","0","0","0","0","0","0","0","0","0","0","0","0","0","1717","204","0"
"2026-10-05T12:49:15.7809823+08:00","RUN","1000000","2500","476082","476081","476081","1","0","0","0","0","0","0","0","0","0","0","0","0","0","1717","205","0"
"2026-10-05T12:49:16.8046599+08:00","RUN","1000000","2500","478405","478404","478404","1","0","0","0","0","0","0","0","0","0","0","0","0","0","1717","206","0"
"2026-10-05T12:49:17.7785797+08:00","RUN","1000000","2500","480728","480727","480727","1","0","0","0","0","0","0","0","0","0","0","0","0","0","1717","207","0"
"2026-10-05T12:49:18.7856009+08:00","RUN","1000000","2500","483051","483050","483050","1","0","0","0","0","0","0","0","0","0","0","0","0","0","1717","208","0"
"2026-10-05T12:49:19.7894272+08:00","RUN","1000000","2500","485373","485372","485372","1","0","0","0","0","0","0","0","0","0","0","0","0","0","1717","209","0"
"2026-10-05T12:49:20.7808067+08:00","RUN","1000000","2500","487697","487696","487696","1","0","0","0","0","0","0","0","0","0","0","0","0","0","1717","210","0"
"2026-10-05T12:49:21.7725219+08:00","RUN","1000000","2500","490020","490019","490019","1","0","0","0","0","0","0","0","0","0","0","0","0","0","1717","211","0"
"2026-10-05T12:49:22.7888780+08:00","RUN","1000000","2500","492342","492341","492341","1","0","0","0","0","0","0","0","0","0","0","0","0","0","1717","212","0"
"2026-10-05T12:49:23.7797377+08:00","RUN","1000000","2500","494664","494663","494663","1","0","0","0","0","0","0","0","0","0","0","0","0","0","1717","213","0"
"2026-10-05T12:49:24.7683574+08:00","RUN","1000000","2500","496986","496985","496985","1","0","0","0","0","0","0","0","0","0","0","0","0","0","1717","214","0"
"2026-10-05T12:49:25.7859585+08:00","RUN","1000000","2500","499308","499307","499307","1","0","0","0","0","0","0","0","0","0","0","0","0","0","1717","215","0"
"2026-10-05T12:49:26.7841987+08:00","RUN","1000000","2500","501631","501630","501630","1","0","0","0","0","0","0","0","0","0","0","0","0","0","1717","216","0"
"2026-10-05T12:49:27.7638137+08:00","RUN","1000000","2500","503954","503954","503953","1","0","0","0","0","0","0","0","0","0","0","0","0","0","1717","217","0"
"2026-10-05T12:49:28.7602991+08:00","RUN","1000000","2500","506277","506276","506276","1","0","0","0","0","0","0","0","0","0","0","0","0","0","1717","218","0"
"2026-10-05T12:49:29.7728885+08:00","RUN","1000000","2500","508599","508598","508598","1","0","0","0","0","0","0","0","0","0","0","0","0","0","1717","219","0"
"2026-10-05T12:49:30.7617423+08:00","RUN","1000000","2500","510921","510920","510920","1","0","0","0","0","0","0","0","0","0","0","0","0","0","1717","220","0"
"2026-10-05T12:49:31.7492114+08:00","RUN","1000000","2500","513243","513242","513242","1","0","0","0","0","0","0","0","0","0","0","0","0","0","1717","221","0"
"2026-10-05T12:49:32.7534905+08:00","RUN","1000000","2500","515565","515564","515564","1","0","0","0","0","0","0","0","0","0","0","0","0","0","1717","222","0"
"2026-10-05T12:49:33.7585493+08:00","RUN","1000000","2500","517887","517886","517886","1","0","0","0","0","0","0","0","0","0","0","0","0","0","1717","223","0"
"2026-10-05T12:49:34.7437518+08:00","RUN","1000000","2500","520209","520208","520208","1","0","0","0","0","0","0","0","0","0","0","0","0","0","1717","224","0"
"2026-10-05T12:49:35.7578468+08:00","RUN","1000000","2500","522531","522530","522530","1","0","0","0","0","0","0","0","0","0","0","0","0","0","1717","225","0"
"2026-10-05T12:49:36.7581451+08:00","RUN","1000000","2500","524853","524852","524852","1","0","0","0","0","0","0","0","0","0","0","0","0","0","1717","226","0"
"2026-10-05T12:49:37.7470525+08:00","RUN","1000000","2500","527175","527174","527174","1","0","0","0","0","0","0","0","0","0","0","0","0","0","1717","227","0"
"2026-10-05T12:49:38.7366521+08:00","RUN","1000000","2500","529496","529496","529495","1","0","0","0","0","0","0","0","0","0","0","0","0","0","1717","228","0"
"2026-10-05T12:49:39.7262603+08:00","RUN","1000000","2500","531818","531817","531817","1","0","0","0","0","0","0","0","0","0","0","0","0","0","1717","229","0"
"2026-10-05T12:49:40.7265667+08:00","RUN","1000000","2500","534139","534139","534138","1","0","0","0","0","0","0","0","0","0","0","0","0","0","1717","230","0"
"2026-10-05T12:49:41.7501712+08:00","RUN","1000000","2500","536461","536460","536460","1","0","0","0","0","0","0","0","0","0","0","0","0","0","1717","231","0"
"2026-10-05T12:49:42.7260192+08:00","RUN","1000000","2500","538782","538782","538781","1","0","0","0","0","0","0","0","0","0","0","0","0","0","1717","232","0"
"2026-10-05T12:49:43.7394863+08:00","RUN","1000000","2500","541104","541103","541103","1","0","0","0","0","0","0","0","0","0","0","0","0","0","1717","233","0"
"2026-10-05T12:49:44.7228208+08:00","RUN","1000000","2500","543426","543425","543425","1","0","0","0","0","0","0","0","0","0","0","0","0","0","1717","234","0"
"2026-10-05T12:49:45.7290082+08:00","RUN","1000000","2500","545748","545748","545747","1","0","0","0","0","0","0","0","0","0","0","0","0","0","1717","235","0"
"2026-10-05T12:49:46.7364228+08:00","RUN","1000000","2500","548072","548071","548071","1","0","0","0","0","0","0","0","0","0","0","0","0","0","1717","236","0"
"2026-10-05T12:49:47.7333284+08:00","RUN","1000000","2500","550395","550394","550394","1","0","0","0","0","0","0","0","0","0","0","0","0","0","1717","237","0"
"2026-10-05T12:49:48.7118677+08:00","RUN","1000000","2500","552718","552717","552717","1","0","0","0","0","0","0","0","0","0","0","0","0","0","1717","238","0"
"2026-10-05T12:49:49.7240650+08:00","RUN","1000000","2500","555040","555039","555039","1","0","0","0","0","0","0","0","0","0","0","0","0","0","1717","239","0"
"2026-10-05T12:49:50.7285924+08:00","RUN","1000000","2500","557362","557361","557361","1","0","0","0","0","0","0","0","0","0","0","0","0","0","1717","240","0"
"2026-10-05T12:49:51.7291749+08:00","RUN","1000000","2500","559683","559683","559682","1","0","0","0","0","0","0","0","0","0","0","0","0","0","1717","241","0"
"2026-10-05T12:49:52.7208073+08:00","RUN","1000000","2500","562006","562005","562005","1","0","0","0","0","0","0","0","0","0","0","0","0","0","1717","242","0"
"2026-10-05T12:49:53.7046518+08:00","RUN","1000000","2500","564329","564328","564328","1","0","0","0","0","0","0","0","0","0","0","0","0","0","1717","243","0"
"2026-10-05T12:49:54.7106226+08:00","RUN","1000000","2500","566652","566651","566651","1","0","0","0","0","0","0","0","0","0","0","0","0","0","1717","244","0"
"2026-10-05T12:49:55.7033024+08:00","RUN","1000000","2500","568975","568974","568974","1","0","0","0","0","0","0","0","0","0","0","0","0","0","1717","245","0"
"2026-10-05T12:49:56.7087562+08:00","RUN","1000000","2500","571297","571297","571296","1","0","0","0","0","0","0","0","0","0","0","0","0","0","1717","246","0"
"2026-10-05T12:49:57.6995030+08:00","RUN","1000000","2500","573619","573618","573618","1","0","0","0","0","0","0","0","0","0","0","0","0","0","1717","247","0"
"2026-10-05T12:49:58.6904551+08:00","RUN","1000000","2500","575941","575941","575940","1","0","0","0","0","0","0","0","0","0","0","0","0","0","1717","248","0"
"2026-10-05T12:49:59.7041179+08:00","RUN","1000000","2500","578264","578263","578263","1","0","0","0","0","0","0","0","0","0","0","0","0","0","1717","249","0"
"2026-10-05T12:50:00.6963104+08:00","RUN","1000000","2500","580587","580586","580586","1","0","0","0","0","0","0","0","0","0","0","0","0","0","1717","250","0"
"2026-10-05T12:50:01.6810292+08:00","RUN","1000000","2500","582910","582909","582909","1","0","0","0","0","0","0","0","0","0","0","0","0","0","1717","251","0"
"2026-10-05T12:50:02.6863564+08:00","RUN","1000000","2500","585232","585231","585231","1","0","0","0","0","0","0","0","0","0","0","0","0","0","1717","252","0"
"2026-10-05T12:50:03.6789848+08:00","RUN","1000000","2500","587555","587554","587554","1","0","0","0","0","0","0","0","0","0","0","0","0","0","1717","253","0"
"2026-10-05T12:50:04.6832646+08:00","RUN","1000000","2500","589877","589877","589876","1","0","0","0","0","0","0","0","0","0","0","0","0","0","1717","254","0"
"2026-10-05T12:50:05.6742059+08:00","RUN","1000000","2500","592199","592198","592198","1","0","0","0","0","0","0","0","0","0","0","0","0","0","1717","255","0"
"2026-10-05T12:50:06.6809183+08:00","RUN","1000000","2500","594522","594521","594521","1","0","0","0","0","0","0","0","0","0","0","0","0","0","1717","256","0"
"2026-10-05T12:50:07.6713165+08:00","RUN","1000000","2500","596844","596844","596843","1","0","0","0","0","0","0","0","0","0","0","0","0","0","1717","257","0"
"2026-10-05T12:50:08.6653856+08:00","RUN","1000000","2500","599166","599165","599165","1","0","0","0","0","0","0","0","0","0","0","0","0","0","1717","258","0"
"2026-10-05T12:50:09.6914605+08:00","RUN","1000000","2500","601489","601488","601488","1","0","0","0","0","0","0","0","0","0","0","0","0","0","1717","259","0"
"2026-10-05T12:50:10.6826014+08:00","RUN","1000000","2500","603812","603811","603811","1","0","0","0","0","0","0","0","0","0","0","0","0","0","1717","260","0"
"2026-10-05T12:50:11.6667707+08:00","RUN","1000000","2500","606134","606133","606133","1","0","0","0","0","0","0","0","0","0","0","0","0","0","1717","261","0"
"2026-10-05T12:50:12.6897302+08:00","RUN","1000000","2500","608456","608456","608455","1","0","0","0","0","0","0","0","0","0","0","0","0","0","1717","262","0"
"2026-10-05T12:50:13.6803939+08:00","RUN","1000000","2500","610778","610778","610777","1","0","0","0","0","0","0","0","0","0","0","0","0","0","1717","263","0"
"2026-10-05T12:50:14.6651617+08:00","RUN","1000000","2500","613100","613099","613099","1","0","0","0","0","0","0","0","0","0","0","0","0","0","1717","264","0"
"2026-10-05T12:50:15.6520120+08:00","RUN","1000000","2500","615423","615422","615422","1","0","0","0","0","0","0","0","0","0","0","0","0","0","1717","265","0"
"2026-10-05T12:50:16.6500456+08:00","RUN","1000000","2500","617746","617745","617745","1","0","0","0","0","0","0","0","0","0","0","0","0","0","1717","266","0"
"2026-10-05T12:50:17.6720482+08:00","RUN","1000000","2500","620068","620067","620067","1","0","0","0","0","0","0","0","0","0","0","0","0","0","1717","267","0"
"2026-10-05T12:50:18.6576585+08:00","RUN","1000000","2500","622390","622389","622389","1","0","0","0","0","0","0","0","0","0","0","0","0","0","1717","268","0"
"2026-10-05T12:50:19.6702303+08:00","RUN","1000000","2500","624713","624712","624712","1","0","0","0","0","0","0","0","0","0","0","0","0","0","1717","269","0"
"2026-10-05T12:50:20.6587450+08:00","RUN","1000000","2500","627036","627035","627035","1","0","0","0","0","0","0","0","0","0","0","0","0","0","1717","270","0"
"2026-10-05T12:50:21.6403171+08:00","RUN","1000000","2500","629359","629358","629358","1","0","0","0","0","0","0","0","0","0","0","0","0","0","1717","271","0"
"2026-10-05T12:50:22.6603570+08:00","RUN","1000000","2500","631681","631681","631680","1","0","0","0","0","0","0","0","0","0","0","0","0","0","1717","272","0"
"2026-10-05T12:50:23.6400275+08:00","RUN","1000000","2500","634004","634003","634003","1","0","0","0","0","0","0","0","0","0","0","0","0","0","1717","273","0"
"2026-10-05T12:50:24.6573416+08:00","RUN","1000000","2500","636326","636326","636325","1","0","0","0","0","0","0","0","0","0","0","0","0","0","1717","274","0"
"2026-10-05T12:50:25.6313218+08:00","RUN","1000000","2500","638649","638648","638648","1","0","0","0","0","0","0","0","0","0","0","0","0","0","1717","275","0"
"2026-10-05T12:50:26.6456146+08:00","RUN","1000000","2500","640972","640971","640971","1","0","0","0","0","0","0","0","0","0","0","0","0","0","1717","276","0"
"2026-10-05T12:50:27.6323850+08:00","RUN","1000000","2500","643294","643294","643293","1","0","0","0","0","0","0","0","0","0","0","0","0","0","1717","277","0"
"2026-10-05T12:50:28.6533752+08:00","RUN","1000000","2500","645617","645616","645616","1","0","0","0","0","0","0","0","0","0","0","0","0","0","1717","278","0"
"2026-10-05T12:50:29.6405384+08:00","RUN","1000000","2500","647940","647939","647939","1","0","0","0","0","0","0","0","0","0","0","0","0","0","1717","279","0"
"2026-10-05T12:50:30.6243081+08:00","RUN","1000000","2500","650263","650262","650262","1","0","0","0","0","0","0","0","0","0","0","0","0","0","1717","280","0"
"2026-10-05T12:50:31.6156908+08:00","RUN","1000000","2500","652585","652584","652584","1","0","0","0","0","0","0","0","0","0","0","0","0","0","1717","281","0"
"2026-10-05T12:50:32.6388095+08:00","RUN","1000000","2500","654906","654906","654905","1","0","0","0","0","0","0","0","0","0","0","0","0","0","1717","282","0"
"2026-10-05T12:50:33.6221422+08:00","RUN","1000000","2500","657228","657227","657227","1","0","0","0","0","0","0","0","0","0","0","0","0","0","1717","283","0"
"2026-10-05T12:50:34.6345117+08:00","RUN","1000000","2500","659550","659549","659549","1","0","0","0","0","0","0","0","0","0","0","0","0","0","1717","284","0"
"2026-10-05T12:50:35.6132062+08:00","RUN","1000000","2500","661872","661872","661871","1","0","0","0","0","0","0","0","0","0","0","0","0","0","1717","285","0"
"2026-10-05T12:50:36.6093533+08:00","RUN","1000000","2500","664194","664193","664193","1","0","0","0","0","0","0","0","0","0","0","0","0","0","1717","286","0"
"2026-10-05T12:50:37.6151167+08:00","RUN","1000000","2500","666517","666516","666516","1","0","0","0","0","0","0","0","0","0","0","0","0","0","1717","287","0"
"2026-10-05T12:50:38.6204862+08:00","RUN","1000000","2500","668839","668839","668838","1","0","0","0","0","0","0","0","0","0","0","0","0","0","1717","288","0"
"2026-10-05T12:50:39.5995936+08:00","RUN","1000000","2500","671161","671160","671160","1","0","0","0","0","0","0","0","0","0","0","0","0","0","1717","289","0"
"2026-10-05T12:50:40.5953569+08:00","RUN","1000000","2500","673483","673483","673482","1","0","0","0","0","0","0","0","0","0","0","0","0","0","1717","290","0"
"2026-10-05T12:50:41.6108220+08:00","RUN","1000000","2500","675806","675805","675805","1","0","0","0","0","0","0","0","0","0","0","0","0","0","1717","291","0"
"2026-10-05T12:50:42.6194466+08:00","RUN","1000000","2500","678128","678127","678127","1","0","0","0","0","0","0","0","0","0","0","0","0","0","1717","292","0"
"2026-10-05T12:50:43.6021567+08:00","RUN","1000000","2500","680450","680450","680449","1","0","0","0","0","0","0","0","0","0","0","0","0","0","1717","293","0"
"2026-10-05T12:50:44.6086587+08:00","RUN","1000000","2500","682773","682773","682772","1","0","0","0","0","0","0","0","0","0","0","0","0","0","1717","294","0"
"2026-10-05T12:50:45.5940824+08:00","RUN","1000000","2500","685095","685094","685094","1","0","0","0","0","0","0","0","0","0","0","0","0","0","1717","295","0"
"2026-10-05T12:50:46.5916604+08:00","RUN","1000000","2500","687417","687417","687416","1","0","0","0","0","0","0","0","0","0","0","0","0","0","1717","296","0"
"2026-10-05T12:50:47.5801288+08:00","RUN","1000000","2500","689739","689739","689738","1","0","0","0","0","0","0","0","0","0","0","0","0","0","1717","297","0"
"2026-10-05T12:50:48.5853099+08:00","RUN","1000000","2500","692062","692061","692061","1","0","0","0","0","0","0","0","0","0","0","0","0","0","1717","298","0"
"2026-10-05T12:50:49.5996400+08:00","RUN","1000000","2500","694385","694384","694384","1","0","0","0","0","0","0","0","0","0","0","0","0","0","1717","299","0"
"2026-10-05T12:50:50.6017194+08:00","RUN","1000000","2500","696707","696706","696706","1","0","0","0","0","0","0","0","0","0","0","0","0","0","1717","300","0"
"2026-10-05T12:50:51.5928729+08:00","RUN","1000000","2500","699029","699028","699028","1","0","0","0","0","0","0","0","0","0","0","0","0","0","1717","301","0"
"2026-10-05T12:50:52.5833337+08:00","RUN","1000000","2500","701352","701351","701351","1","0","0","0","0","0","0","0","0","0","0","0","0","0","1717","302","0"
"2026-10-05T12:50:53.5945327+08:00","RUN","1000000","2500","703675","703674","703674","1","0","0","0","0","0","0","0","0","0","0","0","0","0","1717","303","0"
"2026-10-05T12:50:54.5653927+08:00","RUN","1000000","2500","705997","705996","705996","1","0","0","0","0","0","0","0","0","0","0","0","0","0","1717","304","0"
"2026-10-05T12:50:55.5876575+08:00","RUN","1000000","2500","708320","708319","708319","1","0","0","0","0","0","0","0","0","0","0","0","0","0","1717","305","0"
"2026-10-05T12:50:56.5744421+08:00","RUN","1000000","2500","710642","710641","710641","1","0","0","0","0","0","0","0","0","0","0","0","0","0","1717","306","0"
"2026-10-05T12:50:57.5610188+08:00","RUN","1000000","2500","712964","712964","712963","1","0","0","0","0","0","0","0","0","0","0","0","0","0","1717","307","0"
"2026-10-05T12:50:58.5578509+08:00","RUN","1000000","2500","715287","715286","715286","1","0","0","0","0","0","0","0","0","0","0","0","0","0","1717","308","0"
"2026-10-05T12:50:59.5819140+08:00","RUN","1000000","2500","717610","717609","717609","1","0","0","0","0","0","0","0","0","0","0","0","0","0","1717","309","0"
"2026-10-05T12:51:00.5578979+08:00","RUN","1000000","2500","719932","719932","719931","1","0","0","0","0","0","0","0","0","0","0","0","0","0","1717","310","0"
"2026-10-05T12:51:01.5523286+08:00","RUN","1000000","2500","722254","722253","722253","1","0","0","0","0","0","0","0","0","0","0","0","0","0","1717","311","0"
"2026-10-05T12:51:02.5743474+08:00","RUN","1000000","2500","724577","724576","724576","1","0","0","0","0","0","0","0","0","0","0","0","0","0","1717","312","0"
"2026-10-05T12:51:03.5520780+08:00","RUN","1000000","2500","726900","726899","726899","1","0","0","0","0","0","0","0","0","0","0","0","0","0","1717","313","0"
"2026-10-05T12:51:04.5729109+08:00","RUN","1000000","2500","729223","729222","729222","1","0","0","0","0","0","0","0","0","0","0","0","0","0","1717","314","0"
"2026-10-05T12:51:05.5568399+08:00","RUN","1000000","2500","731546","731545","731545","1","0","0","0","0","0","0","0","0","0","0","0","0","0","1717","315","0"
"2026-10-05T12:51:06.5489033+08:00","RUN","1000000","2500","733868","733867","733867","1","0","0","0","0","0","0","0","0","0","0","0","0","0","1717","316","0"
"2026-10-05T12:51:07.5635030+08:00","RUN","1000000","2500","736191","736191","736190","1","0","0","0","0","0","0","0","0","0","0","0","0","0","1717","317","0"
"2026-10-05T12:51:08.5469459+08:00","RUN","1000000","2500","738513","738513","738512","1","0","0","0","0","0","0","0","0","0","0","0","0","0","1717","318","0"
"2026-10-05T12:51:09.5319013+08:00","RUN","1000000","2500","740836","740835","740835","1","0","0","0","0","0","0","0","0","0","0","0","0","0","1717","319","0"
"2026-10-05T12:51:10.5322873+08:00","RUN","1000000","2500","743158","743158","743157","1","0","0","0","0","0","0","0","0","0","0","0","0","0","1717","320","0"
"2026-10-05T12:51:11.5446967+08:00","RUN","1000000","2500","745481","745480","745480","1","0","0","0","0","0","0","0","0","0","0","0","0","0","1717","321","0"
"2026-10-05T12:51:12.5402965+08:00","RUN","1000000","2500","747803","747802","747802","1","0","0","0","0","0","0","0","0","0","0","0","0","0","1717","322","0"
"2026-10-05T12:51:13.5478312+08:00","RUN","1000000","2500","750126","750125","750125","1","0","0","0","0","0","0","0","0","0","0","0","0","0","1717","323","0"
"2026-10-05T12:51:14.5373440+08:00","RUN","1000000","2500","752449","752448","752448","1","0","0","0","0","0","0","0","0","0","0","0","0","0","1717","324","0"
"2026-10-05T12:51:15.5216133+08:00","RUN","1000000","2500","754771","754770","754770","1","0","0","0","0","0","0","0","0","0","0","0","0","0","1717","325","0"
"2026-10-05T12:51:16.5217183+08:00","RUN","1000000","2500","757093","757092","757092","1","0","0","0","0","0","0","0","0","0","0","0","0","0","1717","326","0"
"2026-10-05T12:51:17.5362610+08:00","RUN","1000000","2500","759415","759415","759414","1","0","0","0","0","0","0","0","0","0","0","0","0","0","1717","327","0"
"2026-10-05T12:51:18.5380016+08:00","RUN","1000000","2500","761737","761737","761736","1","0","0","0","0","0","0","0","0","0","0","0","0","0","1717","328","0"
"2026-10-05T12:51:19.5224474+08:00","RUN","1000000","2500","764060","764059","764059","1","0","0","0","0","0","0","0","0","0","0","0","0","0","1717","329","0"
"2026-10-05T12:51:20.5072502+08:00","RUN","1000000","2500","766382","766381","766381","1","0","0","0","0","0","0","0","0","0","0","0","0","0","1717","330","0"
"2026-10-05T12:51:21.5051946+08:00","RUN","1000000","2500","768704","768703","768703","1","0","0","0","0","0","0","0","0","0","0","0","0","0","1717","331","0"
"2026-10-05T12:51:22.5317967+08:00","RUN","1000000","2500","771026","771026","771025","1","0","0","0","0","0","0","0","0","0","0","0","0","0","1717","332","0"
"2026-10-05T12:51:23.5040889+08:00","RUN","1000000","2500","773349","773349","773348","1","0","0","0","0","0","0","0","0","0","0","0","0","0","1717","333","0"
"2026-10-05T12:51:24.5037015+08:00","RUN","1000000","2500","775672","775671","775671","1","0","0","0","0","0","0","0","0","0","0","0","0","0","1717","334","0"
"2026-10-05T12:51:25.5182743+08:00","RUN","1000000","2500","777994","777994","777993","1","0","0","0","0","0","0","0","0","0","0","0","0","0","1717","335","0"
"2026-10-05T12:51:26.5237000+08:00","RUN","1000000","2500","780316","780315","780315","1","0","0","0","0","0","0","0","0","0","0","0","0","0","1717","336","0"
"2026-10-05T12:51:27.4947311+08:00","RUN","1000000","2500","782637","782637","782636","1","0","0","0","0","0","0","0","0","0","0","0","0","0","1717","337","0"
"2026-10-05T12:51:28.4964603+08:00","RUN","1000000","2500","784959","784958","784958","1","0","0","0","0","0","0","0","0","0","0","0","0","0","1717","338","0"
"2026-10-05T12:51:29.5181307+08:00","RUN","1000000","2500","787281","787280","787280","1","0","0","0","0","0","0","0","0","0","0","0","0","0","1717","339","0"
"2026-10-05T12:51:30.5080402+08:00","RUN","1000000","2500","789603","789602","789602","1","0","0","0","0","0","0","0","0","0","0","0","0","0","1717","340","0"
"2026-10-05T12:51:31.5007856+08:00","RUN","1000000","2500","791925","791924","791924","1","0","0","0","0","0","0","0","0","0","0","0","0","0","1717","341","0"
"2026-10-05T12:51:32.4936838+08:00","RUN","1000000","2500","794247","794246","794246","1","0","0","0","0","0","0","0","0","0","0","0","0","0","1717","342","0"
"2026-10-05T12:51:33.4805843+08:00","RUN","1000000","2500","796569","796568","796568","1","0","0","0","0","0","0","0","0","0","0","0","0","0","1717","343","0"
"2026-10-05T12:51:34.5006664+08:00","RUN","1000000","2500","798892","798891","798891","1","0","0","0","0","0","0","0","0","0","0","0","0","0","1717","344","0"
"2026-10-05T12:51:35.4955460+08:00","RUN","1000000","2500","801215","801214","801214","1","0","0","0","0","0","0","0","0","0","0","0","0","0","1717","345","0"
"2026-10-05T12:51:36.4800244+08:00","RUN","1000000","2500","803537","803537","803536","1","0","0","0","0","0","0","0","0","0","0","0","0","0","1717","346","0"
"2026-10-05T12:51:37.4930402+08:00","RUN","1000000","2500","805859","805859","805858","1","0","0","0","0","0","0","0","0","0","0","0","0","0","1717","347","0"
"2026-10-05T12:51:38.4928415+08:00","RUN","1000000","2500","808182","808181","808181","1","0","0","0","0","0","0","0","0","0","0","0","0","0","1717","348","0"
"2026-10-05T12:51:39.4718331+08:00","RUN","1000000","2500","810504","810503","810503","1","0","0","0","0","0","0","0","0","0","0","0","0","0","1717","349","0"
"2026-10-05T12:51:40.4930021+08:00","RUN","1000000","2500","812826","812826","812825","1","0","0","0","0","0","0","0","0","0","0","0","0","0","1717","350","0"
"2026-10-05T12:51:41.4927460+08:00","RUN","1000000","2500","815149","815148","815148","1","0","0","0","0","0","0","0","0","0","0","0","0","0","1717","351","0"
"2026-10-05T12:51:42.4713948+08:00","RUN","1000000","2500","817471","817470","817470","1","0","0","0","0","0","0","0","0","0","0","0","0","0","1717","352","0"
"2026-10-05T12:51:43.4577430+08:00","RUN","1000000","2500","819794","819793","819793","1","0","0","0","0","0","0","0","0","0","0","0","0","0","1717","353","0"
"2026-10-05T12:51:44.4866927+08:00","RUN","1000000","2500","822116","822115","822115","1","0","0","0","0","0","0","0","0","0","0","0","0","0","1717","354","0"
"2026-10-05T12:51:45.4875262+08:00","RUN","1000000","2500","824438","824438","824437","1","0","0","0","0","0","0","0","0","0","0","0","0","0","1717","355","0"
"2026-10-05T12:51:46.4638958+08:00","RUN","1000000","2500","826761","826760","826760","1","0","0","0","0","0","0","0","0","0","0","0","0","0","1717","356","0"
"2026-10-05T12:51:47.4515666+08:00","RUN","1000000","2500","829083","829082","829082","1","0","0","0","0","0","0","0","0","0","0","0","0","0","1717","357","0"
"2026-10-05T12:51:48.4709025+08:00","RUN","1000000","2500","831406","831405","831405","1","0","0","0","0","0","0","0","0","0","0","0","0","0","1717","358","0"
"2026-10-05T12:51:49.4637068+08:00","RUN","1000000","2500","833728","833727","833727","1","0","0","0","0","0","0","0","0","0","0","0","0","0","1717","359","0"
"2026-10-05T12:51:50.4572815+08:00","RUN","1000000","2500","836050","836050","836049","1","0","0","0","0","0","0","0","0","0","0","0","0","0","1717","360","0"
"2026-10-05T12:51:51.4633028+08:00","RUN","1000000","2500","838373","838372","838372","1","0","0","0","0","0","0","0","0","0","0","0","0","0","1717","361","0"
"2026-10-05T12:51:52.4796276+08:00","RUN","1000000","2500","840695","840695","840694","1","0","0","0","0","0","0","0","0","0","0","0","0","0","1717","362","0"
"2026-10-05T12:51:53.4478353+08:00","RUN","1000000","2500","843018","843017","843017","1","0","0","0","0","0","0","0","0","0","0","0","0","0","1717","363","0"
"2026-10-05T12:51:54.4317863+08:00","RUN","1000000","2500","845340","845339","845339","1","0","0","0","0","0","0","0","0","0","0","0","0","0","1717","364","0"
"2026-10-05T12:51:55.4550561+08:00","RUN","1000000","2500","847662","847661","847661","1","0","0","0","0","0","0","0","0","0","0","0","0","0","1717","365","0"
"2026-10-05T12:51:56.4490232+08:00","RUN","1000000","2500","849985","849984","849984","1","0","0","0","0","0","0","0","0","0","0","0","0","0","1717","366","0"
"2026-10-05T12:51:57.4366333+08:00","RUN","1000000","2500","852307","852306","852306","1","0","0","0","0","0","0","0","0","0","0","0","0","0","1717","367","0"
"2026-10-05T12:51:58.4443599+08:00","RUN","1000000","2500","854629","854628","854628","1","0","0","0","0","0","0","0","0","0","0","0","0","0","1717","368","0"
"2026-10-05T12:51:59.4277000+08:00","RUN","1000000","2500","856951","856950","856950","1","0","0","0","0","0","0","0","0","0","0","0","0","0","1717","369","0"
"2026-10-05T12:52:00.4357749+08:00","RUN","1000000","2500","859273","859272","859272","1","0","0","0","0","0","0","0","0","0","0","0","0","0","1717","370","0"
"2026-10-05T12:52:01.4348327+08:00","RUN","1000000","2500","861595","861594","861594","1","0","0","0","0","0","0","0","0","0","0","0","0","0","1717","371","0"
"2026-10-05T12:52:02.4224763+08:00","RUN","1000000","2500","863918","863917","863917","1","0","0","0","0","0","0","0","0","0","0","0","0","0","1717","372","0"
"2026-10-05T12:52:03.4167126+08:00","RUN","1000000","2500","866240","866240","866239","1","0","0","0","0","0","0","0","0","0","0","0","0","0","1717","373","0"
"2026-10-05T12:52:04.4195555+08:00","RUN","1000000","2500","868562","868561","868561","1","0","0","0","0","0","0","0","0","0","0","0","0","0","1717","374","0"
"2026-10-05T12:52:05.4273189+08:00","RUN","1000000","2500","870885","870884","870884","1","0","0","0","0","0","0","0","0","0","0","0","0","0","1717","375","0"
"2026-10-05T12:52:06.4174869+08:00","RUN","1000000","2500","873208","873207","873207","1","0","0","0","0","0","0","0","0","0","0","0","0","0","1717","376","0"
"2026-10-05T12:52:07.4091734+08:00","RUN","1000000","2500","875530","875529","875529","1","0","0","0","0","0","0","0","0","0","0","0","0","0","1717","377","0"
"2026-10-05T12:52:08.4190888+08:00","RUN","1000000","2500","877853","877852","877852","1","0","0","0","0","0","0","0","0","0","0","0","0","0","1717","378","0"
"2026-10-05T12:52:09.4065627+08:00","RUN","1000000","2500","880176","880176","880175","1","0","0","0","0","0","0","0","0","0","0","0","0","0","1717","379","0"
"2026-10-05T12:52:10.4291343+08:00","RUN","1000000","2500","882499","882498","882498","1","0","0","0","0","0","0","0","0","0","0","0","0","0","1717","380","0"
"2026-10-05T12:52:11.4197764+08:00","RUN","1000000","2500","884821","884820","884820","1","0","0","0","0","0","0","0","0","0","0","0","0","0","1717","381","0"
"2026-10-05T12:52:12.4114640+08:00","RUN","1000000","2500","887143","887142","887142","1","0","0","0","0","0","0","0","0","0","0","0","0","0","1717","382","0"
"2026-10-05T12:52:13.3930027+08:00","RUN","1000000","2500","889465","889465","889464","1","0","0","0","0","0","0","0","0","0","0","0","0","0","1717","383","0"
"2026-10-05T12:52:14.4220593+08:00","RUN","1000000","2500","891787","891787","891786","1","0","0","0","0","0","0","0","0","0","0","0","0","0","1717","384","0"
"2026-10-05T12:52:15.4084916+08:00","RUN","1000000","2500","894109","894109","894108","1","0","0","0","0","0","0","0","0","0","0","0","0","0","1717","385","0"
"2026-10-05T12:52:16.3929453+08:00","RUN","1000000","2500","896431","896431","896430","1","0","0","0","0","0","0","0","0","0","0","0","0","0","1717","386","0"
"2026-10-05T12:52:17.3978424+08:00","RUN","1000000","2500","898754","898753","898753","1","0","0","0","0","0","0","0","0","0","0","0","0","0","1717","387","0"
"2026-10-05T12:52:18.3860679+08:00","RUN","1000000","2500","901076","901076","901075","1","0","0","0","0","0","0","0","0","0","0","0","0","0","1717","388","0"
"2026-10-05T12:52:19.3868596+08:00","RUN","1000000","2500","903398","903397","903397","1","0","0","0","0","0","0","0","0","0","0","0","0","0","1717","389","0"
"2026-10-05T12:52:20.3851700+08:00","RUN","1000000","2500","905721","905720","905720","1","0","0","0","0","0","0","0","0","0","0","0","0","0","1717","390","0"
"2026-10-05T12:52:21.3832842+08:00","RUN","1000000","2500","908043","908043","908042","1","0","0","0","0","0","0","0","0","0","0","0","0","0","1717","391","0"
"2026-10-05T12:52:22.4002986+08:00","RUN","1000000","2500","910366","910365","910365","1","0","0","0","0","0","0","0","0","0","0","0","0","0","1717","392","0"
"2026-10-05T12:52:23.3827920+08:00","RUN","1000000","2500","912688","912688","912687","1","0","0","0","0","0","0","0","0","0","0","0","0","0","1717","393","0"
"2026-10-05T12:52:24.3980785+08:00","RUN","1000000","2500","915010","915009","915009","1","0","0","0","0","0","0","0","0","0","0","0","0","0","1717","394","0"
"2026-10-05T12:52:25.3740565+08:00","RUN","1000000","2500","917332","917331","917331","1","0","0","0","0","0","0","0","0","0","0","0","0","0","1717","395","0"
"2026-10-05T12:52:26.3683832+08:00","RUN","1000000","2500","919653","919653","919652","1","0","0","0","0","0","0","0","0","0","0","0","0","0","1717","396","0"
"2026-10-05T12:52:27.3850594+08:00","RUN","1000000","2500","921975","921974","921974","1","0","0","0","0","0","0","0","0","0","0","0","0","0","1717","397","0"
"2026-10-05T12:52:28.3844386+08:00","RUN","1000000","2500","924298","924297","924297","1","0","0","0","0","0","0","0","0","0","0","0","0","0","1717","398","0"
"2026-10-05T12:52:29.3626410+08:00","RUN","1000000","2500","926621","926620","926620","1","0","0","0","0","0","0","0","0","0","0","0","0","0","1717","399","0"
"2026-10-05T12:52:30.3837805+08:00","RUN","1000000","2500","928943","928942","928942","1","0","0","0","0","0","0","0","0","0","0","0","0","0","1717","400","0"
"2026-10-05T12:52:31.3726560+08:00","RUN","1000000","2500","931266","931265","931265","1","0","0","0","0","0","0","0","0","0","0","0","0","0","1717","401","0"
"2026-10-05T12:52:32.3834372+08:00","RUN","1000000","2500","933589","933588","933588","1","0","0","0","0","0","0","0","0","0","0","0","0","0","1717","402","0"
"2026-10-05T12:52:33.3625439+08:00","RUN","1000000","2500","935912","935911","935911","1","0","0","0","0","0","0","0","0","0","0","0","0","0","1717","403","0"
"2026-10-05T12:52:34.3768453+08:00","RUN","1000000","2500","938234","938233","938233","1","0","0","0","0","0","0","0","0","0","0","0","0","0","1717","404","0"
"2026-10-05T12:52:35.3556456+08:00","RUN","1000000","2500","940556","940555","940555","1","0","0","0","0","0","0","0","0","0","0","0","0","0","1717","405","0"
"2026-10-05T12:52:36.3504947+08:00","RUN","1000000","2500","942878","942877","942877","1","0","0","0","0","0","0","0","0","0","0","0","0","0","1717","406","0"
"2026-10-05T12:52:37.3720964+08:00","RUN","1000000","2500","945202","945201","945201","1","0","0","0","0","0","0","0","0","0","0","0","0","0","1717","407","0"
"2026-10-05T12:52:38.3502357+08:00","RUN","1000000","2500","947524","947523","947523","1","0","0","0","0","0","0","0","0","0","0","0","0","0","1717","408","0"
"2026-10-05T12:52:39.3695451+08:00","RUN","1000000","2500","949846","949846","949845","1","0","0","0","0","0","0","0","0","0","0","0","0","0","1717","409","0"
"2026-10-05T12:52:40.3504380+08:00","RUN","1000000","2500","952168","952167","952167","1","0","0","0","0","0","0","0","0","0","0","0","0","0","1717","410","0"
"2026-10-05T12:52:41.3692593+08:00","RUN","1000000","2500","954490","954490","954489","1","0","0","0","0","0","0","0","0","0","0","0","0","0","1717","411","0"
"2026-10-05T12:52:42.3442391+08:00","RUN","1000000","2500","956813","956812","956812","1","0","0","0","0","0","0","0","0","0","0","0","0","0","1717","412","0"
"2026-10-05T12:52:43.3741477+08:00","RUN","1000000","2500","959136","959135","959135","1","0","0","0","0","0","0","0","0","0","0","0","0","0","1717","413","0"
"2026-10-05T12:52:44.3342489+08:00","RUN","1000000","2500","961458","961458","961457","1","0","0","0","0","0","0","0","0","0","0","0","0","0","1717","414","0"
"2026-10-05T12:52:45.3565734+08:00","RUN","1000000","2500","963780","963780","963779","1","0","0","0","0","0","0","0","0","0","0","0","0","0","1717","415","0"
"2026-10-05T12:52:46.3333428+08:00","RUN","1000000","2500","966103","966102","966102","1","0","0","0","0","0","0","0","0","0","0","0","0","0","1717","416","0"
"2026-10-05T12:52:47.3262408+08:00","RUN","1000000","2500","968425","968424","968424","1","0","0","0","0","0","0","0","0","0","0","0","0","0","1717","417","0"
"2026-10-05T12:52:48.3495500+08:00","RUN","1000000","2500","970747","970747","970746","1","0","0","0","0","0","0","0","0","0","0","0","0","0","1717","418","0"
"2026-10-05T12:52:49.3348196+08:00","RUN","1000000","2500","973069","973068","973068","1","0","0","0","0","0","0","0","0","0","0","0","0","0","1717","419","0"
"2026-10-05T12:52:50.3335323+08:00","RUN","1000000","2500","975392","975391","975391","1","0","0","0","0","0","0","0","0","0","0","0","0","0","1717","420","0"
"2026-10-05T12:52:51.3486928+08:00","RUN","1000000","2500","977714","977713","977713","1","0","0","0","0","0","0","0","0","0","0","0","0","0","1717","421","0"
"2026-10-05T12:52:52.3376115+08:00","RUN","1000000","2500","980037","980036","980036","1","0","0","0","0","0","0","0","0","0","0","0","0","0","1717","422","0"
"2026-10-05T12:52:53.3351593+08:00","RUN","1000000","2500","982359","982359","982358","1","0","0","0","0","0","0","0","0","0","0","0","0","0","1717","423","0"
"2026-10-05T12:52:54.3161913+08:00","RUN","1000000","2500","984681","984680","984680","1","0","0","0","0","0","0","0","0","0","0","0","0","0","1717","424","0"
"2026-10-05T12:52:55.3336955+08:00","RUN","1000000","2500","987002","987002","987001","1","0","0","0","0","0","0","0","0","0","0","0","0","0","1717","425","0"
"2026-10-05T12:52:56.3323823+08:00","RUN","1000000","2500","989324","989323","989323","1","0","0","0","0","0","0","0","0","0","0","0","0","0","1717","426","0"
"2026-10-05T12:52:57.3180429+08:00","RUN","1000000","2500","991645","991645","991644","1","0","0","0","0","0","0","0","0","0","0","0","0","0","1717","427","0"
"2026-10-05T12:52:58.3157975+08:00","RUN","1000000","2500","993967","993966","993966","1","0","0","0","0","0","0","0","0","0","0","0","0","0","1717","428","0"
"2026-10-05T12:52:59.3232731+08:00","RUN","1000000","2500","996289","996288","996288","1","0","0","0","0","0","0","0","0","0","0","0","0","0","1717","429","0"
"2026-10-05T12:53:00.3073050+08:00","RUN","1000000","2500","998610","998610","998609","1","0","0","0","0","0","0","0","0","0","0","0","0","0","1717","430","0"
"2026-10-05T12:53:01.3265443+08:00","RUN","1000000","2500","1000932","1000931","1000931","1","0","0","0","0","0","0","0","0","0","0","0","0","0","1717","431","0"
"2026-10-05T12:53:02.3213519+08:00","RUN","1000000","2500","1003253","1003252","1003252","1","0","0","0","0","0","0","0","0","0","0","0","0","0","1717","432","0"
"2026-10-05T12:53:03.3026703+08:00","RUN","1000000","2500","1005575","1005574","1005574","1","0","0","0","0","0","0","0","0","0","0","0","0","0","1717","433","0"
"2026-10-05T12:53:04.3062593+08:00","RUN","1000000","2500","1007897","1007896","1007896","1","0","0","0","0","0","0","0","0","0","0","0","0","0","1717","434","0"
"2026-10-05T12:53:05.3154997+08:00","RUN","1000000","2500","1010219","1010218","1010218","1","0","0","0","0","0","0","0","0","0","0","0","0","0","1717","435","0"
"2026-10-05T12:53:06.3054237+08:00","RUN","1000000","2500","1012540","1012540","1012539","1","0","0","0","0","0","0","0","0","0","0","0","0","0","1717","436","0"
"2026-10-05T12:53:07.3133429+08:00","RUN","1000000","2500","1014862","1014861","1014861","1","0","0","0","0","0","0","0","0","0","0","0","0","0","1717","437","0"
"2026-10-05T12:53:08.2895661+08:00","RUN","1000000","2500","1017183","1017183","1017182","1","0","0","0","0","0","0","0","0","0","0","0","0","0","1717","438","0"
"2026-10-05T12:53:09.2923102+08:00","RUN","1000000","2500","1019505","1019504","1019504","1","0","0","0","0","0","0","0","0","0","0","0","0","0","1717","439","0"
"2026-10-05T12:53:10.2886105+08:00","RUN","1000000","2500","1021826","1021825","1021825","1","0","0","0","0","0","0","0","0","0","0","0","0","0","1717","440","0"
"2026-10-05T12:53:11.2916315+08:00","RUN","1000000","2500","1024148","1024147","1024147","1","0","0","0","0","0","0","0","0","0","0","0","0","0","1717","441","0"
"2026-10-05T12:53:12.2723124+08:00","RUN","1000000","2500","1026470","1026469","1026469","1","0","0","0","0","0","0","0","0","0","0","0","0","0","1717","442","0"
"2026-10-05T12:53:13.2824505+08:00","RUN","1000000","2500","1028791","1028791","1028790","1","0","0","0","0","0","0","0","0","0","0","0","0","0","1717","443","0"
"2026-10-05T12:53:14.2725343+08:00","RUN","1000000","2500","1031113","1031112","1031112","1","0","0","0","0","0","0","0","0","0","0","0","0","0","1717","444","0"
"2026-10-05T12:53:15.2955504+08:00","RUN","1000000","2500","1033435","1033434","1033434","1","0","0","0","0","0","0","0","0","0","0","0","0","0","1717","445","0"
"2026-10-05T12:53:16.2720753+08:00","RUN","1000000","2500","1035756","1035756","1035755","1","0","0","0","0","0","0","0","0","0","0","0","0","0","1717","446","0"
"2026-10-05T12:53:17.2809027+08:00","RUN","1000000","2500","1038078","1038077","1038077","1","0","0","0","0","0","0","0","0","0","0","0","0","0","1717","447","0"
"2026-10-05T12:53:18.2716533+08:00","RUN","1000000","2500","1040400","1040399","1040399","1","0","0","0","0","0","0","0","0","0","0","0","0","0","1717","448","0"
"2026-10-05T12:53:19.2800431+08:00","RUN","1000000","2500","1042722","1042721","1042721","1","0","0","0","0","0","0","0","0","0","0","0","0","0","1717","449","0"
"2026-10-05T12:53:20.2719119+08:00","RUN","1000000","2500","1045044","1045043","1045043","1","0","0","0","0","0","0","0","0","0","0","0","0","0","1717","450","0"
"2026-10-05T12:53:21.2523535+08:00","RUN","1000000","2500","1047366","1047365","1047365","1","0","0","0","0","0","0","0","0","0","0","0","0","0","1717","451","0"
"2026-10-05T12:53:22.2871073+08:00","RUN","1000000","2500","1049688","1049687","1049687","1","0","0","0","0","0","0","0","0","0","0","0","0","0","1717","452","0"
"2026-10-05T12:53:23.2520024+08:00","RUN","1000000","2500","1052011","1052010","1052010","1","0","0","0","0","0","0","0","0","0","0","0","0","0","1717","453","0"
"2026-10-05T12:53:24.2871472+08:00","RUN","1000000","2500","1054333","1054333","1054332","1","0","0","0","0","0","0","0","0","0","0","0","0","0","1717","454","0"
"2026-10-05T12:53:25.2672301+08:00","RUN","1000000","2500","1056656","1056655","1056655","1","0","0","0","0","0","0","0","0","0","0","0","0","0","1717","455","0"
"2026-10-05T12:53:26.2690156+08:00","RUN","1000000","2500","1058979","1058978","1058978","1","0","0","0","0","0","0","0","0","0","0","0","0","0","1717","456","0"
"2026-10-05T12:53:27.2549492+08:00","RUN","1000000","2500","1061302","1061301","1061301","1","0","0","0","0","0","0","0","0","0","0","0","0","0","1717","457","0"
"2026-10-05T12:53:28.2551731+08:00","RUN","1000000","2500","1063625","1063624","1063624","1","0","0","0","0","0","0","0","0","0","0","0","0","0","1717","458","0"
"2026-10-05T12:53:29.2627540+08:00","RUN","1000000","2500","1065947","1065946","1065946","1","0","0","0","0","0","0","0","0","0","0","0","0","0","1717","459","0"
"2026-10-05T12:53:30.2702713+08:00","RUN","1000000","2500","1068270","1068269","1068269","1","0","0","0","0","0","0","0","0","0","0","0","0","0","1717","460","0"
"2026-10-05T12:53:31.2269045+08:00","RUN","1000000","2500","1070592","1070592","1070591","1","0","0","0","0","0","0","0","0","0","0","0","0","0","1717","461","0"
"2026-10-05T12:53:32.2545666+08:00","RUN","1000000","2500","1072914","1072913","1072913","1","0","0","0","0","0","0","0","0","0","0","0","0","0","1717","462","0"
"2026-10-05T12:53:33.2503649+08:00","RUN","1000000","2500","1075236","1075235","1075235","1","0","0","0","0","0","0","0","0","0","0","0","0","0","1717","463","0"
"2026-10-05T12:53:34.2330355+08:00","RUN","1000000","2500","1077558","1077558","1077557","1","0","0","0","0","0","0","0","0","0","0","0","0","0","1717","464","0"
"2026-10-05T12:53:35.2174469+08:00","RUN","1000000","2500","1079881","1079880","1079880","1","0","0","0","0","0","0","0","0","0","0","0","0","0","1717","465","0"
"2026-10-05T12:53:36.2188439+08:00","RUN","1000000","2500","1082203","1082202","1082202","1","0","0","0","0","0","0","0","0","0","0","0","0","0","1717","466","0"
"2026-10-05T12:53:37.2217614+08:00","RUN","1000000","2500","1084528","1084527","1084527","1","0","0","0","0","0","0","0","0","0","0","0","0","0","1717","467","0"
"2026-10-05T12:53:38.2397829+08:00","RUN","1000000","2500","1086854","1086853","1086853","1","0","0","0","0","0","0","0","0","0","0","0","0","0","1717","468","0"
"2026-10-05T12:53:39.2118767+08:00","RUN","1000000","2500","1089179","1089178","1089178","1","0","0","0","0","0","0","0","0","0","0","0","0","0","1717","469","0"
"2026-10-05T12:53:40.2326347+08:00","RUN","1000000","2500","1091503","1091503","1091502","1","0","0","0","0","0","0","0","0","0","0","0","0","0","1717","470","0"
"2026-10-05T12:53:41.2062062+08:00","RUN","1000000","2500","1093829","1093828","1093828","1","0","0","0","0","0","0","0","0","0","0","0","0","0","1717","471","0"
"2026-10-05T12:53:42.2252715+08:00","RUN","1000000","2500","1096154","1096153","1096153","1","0","0","0","0","0","0","0","0","0","0","0","0","0","1717","472","0"
"2026-10-05T12:53:43.2158913+08:00","RUN","1000000","2500","1098478","1098477","1098477","1","0","0","0","0","0","0","0","0","0","0","0","0","0","1717","473","0"
"2026-10-05T12:53:44.1989431+08:00","RUN","1000000","2500","1100804","1100804","1100803","1","0","0","0","0","0","0","0","0","0","0","0","0","0","1717","474","0"
"2026-10-05T12:53:45.2227267+08:00","RUN","1000000","2500","1103131","1103130","1103130","1","0","0","0","0","0","0","0","0","0","0","0","0","0","1717","475","0"
"2026-10-05T12:53:46.2124286+08:00","RUN","1000000","2500","1105457","1105456","1105456","1","0","0","0","0","0","0","0","0","0","0","0","0","0","1717","476","0"
"2026-10-05T12:53:47.2033742+08:00","RUN","1000000","2500","1107782","1107781","1107781","1","0","0","0","0","0","0","0","0","0","0","0","0","0","1717","477","0"
"2026-10-05T12:53:48.1980379+08:00","RUN","1000000","2500","1110108","1110108","1110107","1","0","0","0","0","0","0","0","0","0","0","0","0","0","1717","478","0"
"2026-10-05T12:53:49.1913161+08:00","RUN","1000000","2500","1112433","1112432","1112432","1","0","0","0","0","0","0","0","0","0","0","0","0","0","1717","479","0"
"2026-10-05T12:53:50.1875322+08:00","RUN","1000000","2500","1114755","1114754","1114754","1","0","0","0","0","0","0","0","0","0","0","0","0","0","1717","480","0"
"2026-10-05T12:53:51.1885046+08:00","RUN","1000000","2500","1117076","1117075","1117075","1","0","0","0","0","0","0","0","0","0","0","0","0","0","1717","481","0"
"2026-10-05T12:53:52.1908568+08:00","RUN","1000000","2500","1119399","1119398","1119398","1","0","0","0","0","0","0","0","0","0","0","0","0","0","1717","482","0"
"2026-10-05T12:53:53.1961003+08:00","RUN","1000000","2500","1121721","1121720","1121720","1","0","0","0","0","0","0","0","0","0","0","0","0","0","1717","483","0"
"2026-10-05T12:53:54.1843142+08:00","RUN","1000000","2500","1124042","1124042","1124041","1","0","0","0","0","0","0","0","0","0","0","0","0","0","1717","484","0"
"2026-10-05T12:53:55.1873140+08:00","RUN","1000000","2500","1126365","1126364","1126364","1","0","0","0","0","0","0","0","0","0","0","0","0","0","1717","485","0"
"2026-10-05T12:53:56.1971164+08:00","RUN","1000000","2500","1128689","1128688","1128688","1","0","0","0","0","0","0","0","0","0","0","0","0","0","1717","486","0"
"2026-10-05T12:53:57.1856651+08:00","RUN","1000000","2500","1131011","1131010","1131010","1","0","0","0","0","0","0","0","0","0","0","0","0","0","1717","487","0"
"2026-10-05T12:53:58.1688152+08:00","RUN","1000000","2500","1133334","1133334","1133333","1","0","0","0","0","0","0","0","0","0","0","0","0","0","1717","488","0"
"2026-10-05T12:53:59.1863140+08:00","RUN","1000000","2500","1135658","1135657","1135657","1","0","0","0","0","0","0","0","0","0","0","0","0","0","1717","489","0"
"2026-10-05T12:54:00.1672392+08:00","RUN","1000000","2500","1137980","1137979","1137979","1","0","0","0","0","0","0","0","0","0","0","0","0","0","1717","490","0"
"2026-10-05T12:54:01.1826541+08:00","RUN","1000000","2500","1140303","1140302","1140302","1","0","0","0","0","0","0","0","0","0","0","0","0","0","1717","491","0"
"2026-10-05T12:54:02.1701325+08:00","RUN","1000000","2500","1142627","1142626","1142626","1","0","0","0","0","0","0","0","0","0","0","0","0","0","1717","492","0"
"2026-10-05T12:54:03.1585091+08:00","RUN","1000000","2500","1144951","1144951","1144950","1","0","0","0","0","0","0","0","0","0","0","0","0","0","1717","493","0"
"2026-10-05T12:54:04.1783333+08:00","RUN","1000000","2500","1147271","1147271","1147270","1","0","0","0","0","0","0","0","0","0","0","0","0","0","1717","494","0"
"2026-10-05T12:54:05.1686853+08:00","RUN","1000000","2500","1149592","1149591","1149591","1","0","0","0","0","0","0","0","0","0","0","0","0","0","1717","495","0"
"2026-10-05T12:54:06.1598946+08:00","RUN","1000000","2500","1151915","1151914","1151914","1","0","0","0","0","0","0","0","0","0","0","0","0","0","1717","496","0"
"2026-10-05T12:54:07.1511802+08:00","RUN","1000000","2500","1154236","1154235","1154235","1","0","0","0","0","0","0","0","0","0","0","0","0","0","1717","497","0"
"2026-10-05T12:54:08.1603470+08:00","RUN","1000000","2500","1156559","1156558","1156558","1","0","0","0","0","0","0","0","0","0","0","0","0","0","1717","498","0"
"2026-10-05T12:54:09.1513480+08:00","RUN","1000000","2500","1158883","1158883","1158882","1","0","0","0","0","0","0","0","0","0","0","0","0","0","1717","499","0"
"2026-10-05T12:54:10.1721542+08:00","RUN","1000000","2500","1161206","1161206","1161205","1","0","0","0","0","0","0","0","0","0","0","0","0","0","1717","500","0"
"2026-10-05T12:54:11.1444701+08:00","RUN","1000000","2500","1163527","1163526","1163526","1","0","0","0","0","0","0","0","0","0","0","0","0","0","1717","501","0"
"2026-10-05T12:54:12.1579437+08:00","RUN","1000000","2500","1165850","1165849","1165849","1","0","0","0","0","0","0","0","0","0","0","0","0","0","1717","502","0"
"2026-10-05T12:54:13.1667303+08:00","RUN","1000000","2500","1168171","1168171","1168170","1","0","0","0","0","0","0","0","0","0","0","0","0","0","1717","503","0"
"2026-10-05T12:54:14.1509387+08:00","RUN","1000000","2500","1170493","1170492","1170492","1","0","0","0","0","0","0","0","0","0","0","0","0","0","1717","504","0"
"2026-10-05T12:54:15.1403399+08:00","RUN","1000000","2500","1172815","1172814","1172814","1","0","0","0","0","0","0","0","0","0","0","0","0","0","1717","505","0"
"2026-10-05T12:54:16.1576468+08:00","RUN","1000000","2500","1175137","1175136","1175136","1","0","0","0","0","0","0","0","0","0","0","0","0","0","1717","506","0"
"2026-10-05T12:54:17.1324849+08:00","RUN","1000000","2500","1177456","1177456","1177455","1","0","0","0","0","0","0","0","0","0","0","0","0","0","1717","507","0"
"2026-10-05T12:54:18.1320527+08:00","RUN","1000000","2500","1179774","1179773","1179773","1","0","0","0","0","0","0","0","0","0","0","0","0","0","1717","508","0"
"2026-10-05T12:54:19.1433667+08:00","RUN","1000000","2500","1182093","1182092","1182092","1","0","0","0","0","0","0","0","0","0","0","0","0","0","1717","509","0"
"2026-10-05T12:54:20.1452288+08:00","RUN","1000000","2500","1184412","1184412","1184411","1","0","0","0","0","0","0","0","0","0","0","0","0","0","1717","510","0"
"2026-10-05T12:54:21.1248196+08:00","RUN","1000000","2500","1186735","1186734","1186734","1","0","0","0","0","0","0","0","0","0","0","0","0","0","1717","511","0"
"2026-10-05T12:54:22.1538938+08:00","RUN","1000000","2500","1189057","1189056","1189056","1","0","0","0","0","0","0","0","0","0","0","0","0","0","1717","512","0"
"2026-10-05T12:54:23.1393703+08:00","RUN","1000000","2500","1191379","1191378","1191378","1","0","0","0","0","0","0","0","0","0","0","0","0","0","1717","513","0"
"2026-10-05T12:54:24.1238487+08:00","RUN","1000000","2500","1193703","1193702","1193702","1","0","0","0","0","0","0","0","0","0","0","0","0","0","1717","514","0"
"2026-10-05T12:54:25.1223616+08:00","RUN","1000000","2500","1196025","1196025","1196024","1","0","0","0","0","0","0","0","0","0","0","0","0","0","1717","515","0"
"2026-10-05T12:54:26.1357115+08:00","RUN","1000000","2500","1198347","1198346","1198346","1","0","0","0","0","0","0","0","0","0","0","0","0","0","1717","516","0"
"2026-10-05T12:54:27.1209909+08:00","RUN","1000000","2500","1200668","1200668","1200667","1","0","0","0","0","0","0","0","0","0","0","0","0","0","1717","517","0"
"2026-10-05T12:54:28.1092020+08:00","RUN","1000000","2500","1202992","1202991","1202991","1","0","0","0","0","0","0","0","0","0","0","0","0","0","1717","518","0"
"2026-10-05T12:54:29.1142087+08:00","RUN","1000000","2500","1205313","1205312","1205312","1","0","0","0","0","0","0","0","0","0","0","0","0","0","1717","519","0"
"2026-10-05T12:54:30.1161470+08:00","RUN","1000000","2500","1207635","1207635","1207634","1","0","0","0","0","0","0","0","0","0","0","0","0","0","1717","520","0"
"2026-10-05T12:54:31.1140858+08:00","RUN","1000000","2500","1209958","1209957","1209957","1","0","0","0","0","0","0","0","0","0","0","0","0","0","1717","521","0"
"2026-10-05T12:54:32.1066393+08:00","RUN","1000000","2500","1212279","1212279","1212278","1","0","0","0","0","0","0","0","0","0","0","0","0","0","1717","522","0"
"2026-10-05T12:54:33.1050657+08:00","RUN","1000000","2500","1214600","1214599","1214599","1","0","0","0","0","0","0","0","0","0","0","0","0","0","1717","523","0"
"2026-10-05T12:54:34.1131283+08:00","RUN","1000000","2500","1216922","1216922","1216921","1","0","0","0","0","0","0","0","0","0","0","0","0","0","1717","524","0"
"2026-10-05T12:54:35.0970912+08:00","RUN","1000000","2500","1219246","1219245","1219245","1","0","0","0","0","0","0","0","0","0","0","0","0","0","1717","525","0"
"2026-10-05T12:54:36.0931326+08:00","RUN","1000000","2500","1221570","1221569","1221569","1","0","0","0","0","0","0","0","0","0","0","0","0","0","1717","526","0"
"2026-10-05T12:54:37.1138805+08:00","RUN","1000000","2500","1223891","1223890","1223890","1","0","0","0","0","0","0","0","0","0","0","0","0","0","1717","527","0"
"2026-10-05T12:54:38.0934720+08:00","RUN","1000000","2500","1226214","1226213","1226213","1","0","0","0","0","0","0","0","0","0","0","0","0","0","1717","528","0"
"2026-10-05T12:54:39.1083266+08:00","RUN","1000000","2500","1228537","1228536","1228536","1","0","0","0","0","0","0","0","0","0","0","0","0","0","1717","529","0"
"2026-10-05T12:54:40.0866147+08:00","RUN","1000000","2500","1230859","1230858","1230858","1","0","0","0","0","0","0","0","0","0","0","0","0","0","1717","530","0"
"2026-10-05T12:54:41.0931335+08:00","RUN","1000000","2500","1233183","1233182","1233182","1","0","0","0","0","0","0","0","0","0","0","0","0","0","1717","531","0"
"2026-10-05T12:54:42.0848006+08:00","RUN","1000000","2500","1235507","1235507","1235506","1","0","0","0","0","0","0","0","0","0","0","0","0","0","1717","532","0"
"2026-10-05T12:54:43.0829346+08:00","RUN","1000000","2500","1237830","1237829","1237829","1","0","0","0","0","0","0","0","0","0","0","0","0","0","1717","533","0"
"2026-10-05T12:54:44.0726341+08:00","RUN","1000000","2500","1240153","1240152","1240152","1","0","0","0","0","0","0","0","0","0","0","0","0","0","1717","534","0"
"2026-10-05T12:54:45.0720539+08:00","RUN","1000000","2500","1242476","1242476","1242475","1","0","0","0","0","0","0","0","0","0","0","0","0","0","1717","535","0"
"2026-10-05T12:54:46.0804539+08:00","RUN","1000000","2500","1244796","1244795","1244795","1","0","0","0","0","0","0","0","0","0","0","0","0","0","1717","536","0"
"2026-10-05T12:54:47.0782675+08:00","RUN","1000000","2500","1247115","1247115","1247114","1","0","0","0","0","0","0","0","0","0","0","0","0","0","1717","537","0"
"2026-10-05T12:54:48.0677750+08:00","RUN","1000000","2500","1249437","1249437","1249436","1","0","0","0","0","0","0","0","0","0","0","0","0","0","1717","538","0"
"2026-10-05T12:54:49.0594292+08:00","RUN","1000000","2500","1251759","1251759","1251758","1","0","0","0","0","0","0","0","0","0","0","0","0","0","1717","539","0"
"2026-10-05T12:54:50.0680247+08:00","RUN","1000000","2500","1254082","1254081","1254081","1","0","0","0","0","0","0","0","0","0","0","0","0","0","1717","540","0"
"2026-10-05T12:54:51.0637544+08:00","RUN","1000000","2500","1256404","1256403","1256403","1","0","0","0","0","0","0","0","0","0","0","0","0","0","1717","541","0"
"2026-10-05T12:54:52.0842543+08:00","RUN","1000000","2500","1258725","1258725","1258724","1","0","0","0","0","0","0","0","0","0","0","0","0","0","1717","542","0"
"2026-10-05T12:54:53.0727789+08:00","RUN","1000000","2500","1261047","1261046","1261046","1","0","0","0","0","0","0","0","0","0","0","0","0","0","1717","543","0"
"2026-10-05T12:54:54.0528417+08:00","RUN","1000000","2500","1263368","1263367","1263367","1","0","0","0","0","0","0","0","0","0","0","0","0","0","1717","544","0"
"2026-10-05T12:54:55.0657979+08:00","RUN","1000000","2500","1265691","1265690","1265690","1","0","0","0","0","0","0","0","0","0","0","0","0","0","1717","545","0"
"2026-10-05T12:54:56.0550130+08:00","RUN","1000000","2500","1268014","1268014","1268013","1","0","0","0","0","0","0","0","0","0","0","0","0","0","1717","546","0"
"2026-10-05T12:54:57.0729104+08:00","RUN","1000000","2500","1270337","1270336","1270336","1","0","0","0","0","0","0","0","0","0","0","0","0","0","1717","547","0"
"2026-10-05T12:54:58.0494831+08:00","RUN","1000000","2500","1272660","1272660","1272659","1","0","0","0","0","0","0","0","0","0","0","0","0","0","1717","548","0"
"2026-10-05T12:54:59.0708556+08:00","RUN","1000000","2500","1274982","1274981","1274981","1","0","0","0","0","0","0","0","0","0","0","0","0","0","1717","549","0"
"2026-10-05T12:55:00.0418725+08:00","RUN","1000000","2500","1277303","1277303","1277302","1","0","0","0","0","0","0","0","0","0","0","0","0","0","1717","550","0"
"2026-10-05T12:55:01.0384098+08:00","RUN","1000000","2500","1279623","1279623","1279622","1","0","0","0","0","0","0","0","0","0","0","0","0","0","1717","551","0"
"2026-10-05T12:55:02.0519846+08:00","RUN","1000000","2500","1281947","1281946","1281946","1","0","0","0","0","0","0","0","0","0","0","0","0","0","1717","552","0"
"2026-10-05T12:55:03.0338433+08:00","RUN","1000000","2500","1284270","1284269","1284269","1","0","0","0","0","0","0","0","0","0","0","0","0","0","1717","553","0"
"2026-10-05T12:55:04.0568227+08:00","RUN","1000000","2500","1286592","1286591","1286591","1","0","0","0","0","0","0","0","0","0","0","0","0","0","1717","554","0"
"2026-10-05T12:55:05.0487080+08:00","RUN","1000000","2500","1288916","1288915","1288915","1","0","0","0","0","0","0","0","0","0","0","0","0","0","1717","555","0"
"2026-10-05T12:55:06.0381916+08:00","RUN","1000000","2500","1291241","1291240","1291240","1","0","0","0","0","0","0","0","0","0","0","0","0","0","1717","556","0"
"2026-10-05T12:55:07.0299284+08:00","RUN","1000000","2500","1293565","1293564","1293564","1","0","0","0","0","0","0","0","0","0","0","0","0","0","1717","557","0"
"2026-10-05T12:55:08.0313567+08:00","RUN","1000000","2500","1295885","1295884","1295884","1","0","0","0","0","0","0","0","0","0","0","0","0","0","1717","558","0"
"2026-10-05T12:55:09.0345320+08:00","RUN","1000000","2500","1298210","1298209","1298209","1","0","0","0","0","0","0","0","0","0","0","0","0","0","1717","559","0"
"2026-10-05T12:55:10.0238136+08:00","RUN","1000000","2500","1300532","1300531","1300531","1","0","0","0","0","0","0","0","0","0","0","0","0","0","1717","560","0"
"2026-10-05T12:55:11.0191185+08:00","RUN","1000000","2500","1302854","1302853","1302853","1","0","0","0","0","0","0","0","0","0","0","0","0","0","1717","561","0"
"2026-10-05T12:55:12.0297650+08:00","RUN","1000000","2500","1305172","1305171","1305171","1","0","0","0","0","0","0","0","0","0","0","0","0","0","1717","562","0"
"2026-10-05T12:55:13.0186954+08:00","RUN","1000000","2500","1307491","1307490","1307490","1","0","0","0","0","0","0","0","0","0","0","0","0","0","1717","563","0"
"2026-10-05T12:55:14.0128016+08:00","RUN","1000000","2500","1309809","1309808","1309808","1","0","0","0","0","0","0","0","0","0","0","0","0","0","1717","564","0"
"2026-10-05T12:55:15.0184192+08:00","RUN","1000000","2500","1312128","1312127","1312127","1","0","0","0","0","0","0","0","0","0","0","0","0","0","1717","565","0"
"2026-10-05T12:55:16.0042729+08:00","RUN","1000000","2500","1314446","1314445","1314445","1","0","0","0","0","0","0","0","0","0","0","0","0","0","1717","566","0"
"2026-10-05T12:55:17.0057840+08:00","RUN","1000000","2500","1316764","1316763","1316763","1","0","0","0","0","0","0","0","0","0","0","0","0","0","1717","567","0"
"2026-10-05T12:55:18.0127480+08:00","RUN","1000000","2500","1319082","1319081","1319081","1","0","0","0","0","0","0","0","0","0","0","0","0","0","1717","568","0"
"2026-10-05T12:55:18.9989460+08:00","RUN","1000000","2500","1321407","1321407","1321406","1","0","0","0","0","0","0","0","0","0","0","0","0","0","1717","569","0"
"2026-10-05T12:55:20.0144446+08:00","RUN","1000000","2500","1323731","1323730","1323730","1","0","0","0","0","0","0","0","0","0","0","0","0","0","1717","570","0"
"2026-10-05T12:55:21.0032727+08:00","RUN","1000000","2500","1326054","1326053","1326053","1","0","0","0","0","0","0","0","0","0","0","0","0","0","1717","571","0"
"2026-10-05T12:55:21.9882330+08:00","RUN","1000000","2500","1328377","1328376","1328376","1","0","0","0","0","0","0","0","0","0","0","0","0","0","1717","572","0"
"2026-10-05T12:55:23.0101100+08:00","RUN","1000000","2500","1330701","1330701","1330700","1","0","0","0","0","0","0","0","0","0","0","0","0","0","1717","573","0"
"2026-10-05T12:55:23.9948733+08:00","RUN","1000000","2500","1333023","1333022","1333022","1","0","0","0","0","0","0","0","0","0","0","0","0","0","1717","574","0"
"2026-10-05T12:55:24.9845230+08:00","RUN","1000000","2500","1335345","1335344","1335344","1","0","0","0","0","0","0","0","0","0","0","0","0","0","1717","575","0"
"2026-10-05T12:55:26.0038287+08:00","RUN","1000000","2500","1337669","1337668","1337668","1","0","0","0","0","0","0","0","0","0","0","0","0","0","1717","576","0"
"2026-10-05T12:55:26.9991742+08:00","RUN","1000000","2500","1339992","1339991","1339991","1","0","0","0","0","0","0","0","0","0","0","0","0","0","1717","577","0"
"2026-10-05T12:55:27.9936058+08:00","RUN","1000000","2500","1342315","1342314","1342314","1","0","0","0","0","0","0","0","0","0","0","0","0","0","1717","578","0"
"2026-10-05T12:55:28.9898726+08:00","RUN","1000000","2500","1344635","1344634","1344634","1","0","0","0","0","0","0","0","0","0","0","0","0","0","1717","579","0"
"2026-10-05T12:55:29.9711044+08:00","RUN","1000000","2500","1346957","1346956","1346956","1","0","0","0","0","0","0","0","0","0","0","0","0","0","1717","580","0"
"2026-10-05T12:55:30.9776830+08:00","RUN","1000000","2500","1349280","1349279","1349279","1","0","0","0","0","0","0","0","0","0","0","0","0","0","1717","581","0"
"2026-10-05T12:55:31.9650969+08:00","RUN","1000000","2500","1351602","1351602","1351601","1","0","0","0","0","0","0","0","0","0","0","0","0","0","1717","582","0"
"2026-10-05T12:55:32.9827514+08:00","RUN","1000000","2500","1353924","1353924","1353923","1","0","0","0","0","0","0","0","0","0","0","0","0","0","1717","583","0"
"2026-10-05T12:55:33.9693353+08:00","RUN","1000000","2500","1356246","1356246","1356245","1","0","0","0","0","0","0","0","0","0","0","0","0","0","1717","584","0"
"2026-10-05T12:55:34.9611788+08:00","RUN","1000000","2500","1358569","1358568","1358568","1","0","0","0","0","0","0","0","0","0","0","0","0","0","1717","585","0"
"2026-10-05T12:55:35.9789550+08:00","RUN","1000000","2500","1360891","1360890","1360890","1","0","0","0","0","0","0","0","0","0","0","0","0","0","1717","586","0"
"2026-10-05T12:55:36.9827419+08:00","RUN","1000000","2500","1363215","1363215","1363214","1","0","0","0","0","0","0","0","0","0","0","0","0","0","1717","587","0"
"2026-10-05T12:55:37.9571420+08:00","RUN","1000000","2500","1365538","1365538","1365537","1","0","0","0","0","0","0","0","0","0","0","0","0","0","1717","588","0"
"2026-10-05T12:55:38.9746814+08:00","RUN","1000000","2500","1367862","1367861","1367861","1","0","0","0","0","0","0","0","0","0","0","0","0","0","1722","589","0"
"2026-10-05T12:55:39.9662482+08:00","RUN","1000000","2500","1370184","1370183","1370183","1","0","0","0","0","0","0","0","0","0","0","0","0","0","1722","590","0"
"2026-10-05T12:55:40.9572609+08:00","RUN","1000000","2500","1372508","1372508","1372507","1","0","0","0","0","0","0","0","0","0","0","0","0","0","1722","591","0"
"2026-10-05T12:55:41.9790271+08:00","RUN","1000000","2500","1374832","1374832","1374831","1","0","0","0","0","0","0","0","0","0","0","0","0","0","1722","592","0"
"2026-10-05T12:55:42.9622442+08:00","RUN","1000000","2500","1377151","1377150","1377150","1","0","0","0","0","0","0","0","0","0","0","0","0","0","1722","593","0"
"2026-10-05T12:55:43.9675584+08:00","RUN","1000000","2500","1379472","1379472","1379471","1","0","0","0","0","0","0","0","0","0","0","0","0","0","1722","594","0"
"2026-10-05T12:55:44.9572984+08:00","RUN","1000000","2500","1381795","1381795","1381794","1","0","0","0","0","0","0","0","0","0","0","0","0","0","1722","595","0"
"2026-10-05T12:55:45.9481899+08:00","RUN","1000000","2500","1384120","1384119","1384119","1","0","0","0","0","0","0","0","0","0","0","0","0","0","1722","596","0"
"2026-10-05T12:55:46.9407954+08:00","RUN","1000000","2500","1386443","1386442","1386442","1","0","0","0","0","0","0","0","0","0","0","0","0","0","1722","597","0"
"2026-10-05T12:55:47.9539887+08:00","RUN","1000000","2500","1388767","1388766","1388766","1","0","0","0","0","0","0","0","0","0","0","0","0","0","1722","598","0"
"2026-10-05T12:55:48.9467740+08:00","RUN","1000000","2500","1391091","1391091","1391090","1","0","0","0","0","0","0","0","0","0","0","0","0","0","1722","599","0"
"2026-10-05T12:55:49.9544366+08:00","RUN","1000000","2500","1393413","1393413","1393412","1","0","0","0","0","0","0","0","0","0","0","0","0","0","1722","600","0"
"2026-10-05T12:55:50.9542137+08:00","RUN","1000000","2500","1395737","1395736","1395736","1","0","0","0","0","0","0","0","0","0","0","0","0","0","1722","601","0"
"2026-10-05T12:55:51.9404843+08:00","RUN","1000000","2500","1398060","1398060","1398059","1","0","0","0","0","0","0","0","0","0","0","0","0","0","1722","602","0"
"2026-10-05T12:55:52.9408815+08:00","RUN","1000000","2500","1400383","1400382","1400382","1","0","0","0","0","0","0","0","0","0","0","0","0","0","1722","603","0"
"2026-10-05T12:55:53.9346086+08:00","RUN","1000000","2500","1402706","1402705","1402705","1","0","0","0","0","0","0","0","0","0","0","0","0","0","1722","604","0"
"2026-10-05T12:55:54.9387196+08:00","RUN","1000000","2500","1405029","1405028","1405028","1","0","0","0","0","0","0","0","0","0","0","0","0","0","1722","605","0"
"2026-10-05T12:55:55.9333113+08:00","RUN","1000000","2500","1407352","1407352","1407351","1","0","0","0","0","0","0","0","0","0","0","0","0","0","1722","606","0"
"2026-10-05T12:55:56.9206191+08:00","RUN","1000000","2500","1409673","1409672","1409672","1","0","0","0","0","0","0","0","0","0","0","0","0","0","1722","607","0"
"2026-10-05T12:55:57.9268550+08:00","RUN","1000000","2500","1411996","1411995","1411995","1","0","0","0","0","0","0","0","0","0","0","0","0","0","1722","608","0"
"2026-10-05T12:55:58.9421511+08:00","RUN","1000000","2500","1414320","1414319","1414319","1","0","0","0","0","0","0","0","0","0","0","0","0","0","1722","609","0"
"2026-10-05T12:55:59.9248606+08:00","RUN","1000000","2500","1416643","1416642","1416642","1","0","0","0","0","0","0","0","0","0","0","0","0","0","1722","610","0"
"2026-10-05T12:56:00.9351011+08:00","RUN","1000000","2500","1418966","1418966","1418965","1","0","0","0","0","0","0","0","0","0","0","0","0","0","1722","611","0"
"2026-10-05T12:56:01.9230601+08:00","RUN","1000000","2500","1421289","1421288","1421288","1","0","0","0","0","0","0","0","0","0","0","0","0","0","1722","612","0"
"2026-10-05T12:56:02.9094826+08:00","RUN","1000000","2500","1423612","1423611","1423611","1","0","0","0","0","0","0","0","0","0","0","0","0","0","1722","613","0"
"2026-10-05T12:56:03.8979516+08:00","RUN","1000000","2500","1425934","1425933","1425933","1","0","0","0","0","0","0","0","0","0","0","0","0","0","1722","614","0"
"2026-10-05T12:56:04.9203468+08:00","RUN","1000000","2500","1428258","1428257","1428257","1","0","0","0","0","0","0","0","0","0","0","0","0","0","1722","615","0"
"2026-10-05T12:56:05.8939704+08:00","RUN","1000000","2500","1430582","1430582","1430581","1","0","0","0","0","0","0","0","0","0","0","0","0","0","1722","616","0"
"2026-10-05T12:56:06.9118676+08:00","RUN","1000000","2500","1432905","1432904","1432904","1","0","0","0","0","0","0","0","0","0","0","0","0","0","1722","617","0"
"2026-10-05T12:56:07.8927107+08:00","RUN","1000000","2500","1435227","1435226","1435226","1","0","0","0","0","0","0","0","0","0","0","0","0","0","1722","618","0"
"2026-10-05T12:56:08.9113235+08:00","RUN","1000000","2500","1437552","1437552","1437551","1","0","0","0","0","0","0","0","0","0","0","0","0","0","1722","619","0"
"2026-10-05T12:56:09.8929186+08:00","RUN","1000000","2500","1439870","1439870","1439869","1","0","0","0","0","0","0","0","0","0","0","0","0","0","1722","620","0"
"2026-10-05T12:56:10.9041174+08:00","RUN","1000000","2500","1442189","1442188","1442188","1","0","0","0","0","0","0","0","0","0","0","0","0","0","1722","621","0"
"2026-10-05T12:56:11.8869216+08:00","RUN","1000000","2500","1444508","1444508","1444507","1","0","0","0","0","0","0","0","0","0","0","0","0","0","1722","622","0"
"2026-10-05T12:56:12.9087578+08:00","RUN","1000000","2500","1446829","1446828","1446828","1","0","0","0","0","0","0","0","0","0","0","0","0","0","1722","623","0"
"2026-10-05T12:56:13.8939394+08:00","RUN","1000000","2500","1449154","1449153","1449153","1","0","0","0","0","0","0","0","0","0","0","0","0","0","1722","624","0"
"2026-10-05T12:56:14.8992945+08:00","RUN","1000000","2500","1451477","1451476","1451476","1","0","0","0","0","0","0","0","0","0","0","0","0","0","1722","625","0"
"2026-10-05T12:56:15.8906019+08:00","RUN","1000000","2500","1453800","1453800","1453799","1","0","0","0","0","0","0","0","0","0","0","0","0","0","1722","626","0"
"2026-10-05T12:56:16.8931463+08:00","RUN","1000000","2500","1456122","1456122","1456121","1","0","0","0","0","0","0","0","0","0","0","0","0","0","1722","627","0"
"2026-10-05T12:56:17.8978900+08:00","RUN","1000000","2500","1458444","1458443","1458443","1","0","0","0","0","0","0","0","0","0","0","0","0","0","1722","628","0"
"2026-10-05T12:56:18.8919403+08:00","RUN","1000000","2500","1460767","1460767","1460766","1","0","0","0","0","0","0","0","0","0","0","0","0","0","1722","629","0"
"2026-10-05T12:56:19.8874274+08:00","RUN","1000000","2500","1463090","1463089","1463089","1","0","0","0","0","0","0","0","0","0","0","0","0","0","1722","630","0"
"2026-10-05T12:56:20.8902314+08:00","RUN","1000000","2500","1465414","1465413","1465413","1","0","0","0","0","0","0","0","0","0","0","0","0","0","1722","631","0"
"2026-10-05T12:56:21.8733048+08:00","RUN","1000000","2500","1467734","1467734","1467733","1","0","0","0","0","0","0","0","0","0","0","0","0","0","1722","632","0"
"2026-10-05T12:56:22.8562462+08:00","RUN","1000000","2500","1470057","1470056","1470056","1","0","0","0","0","0","0","0","0","0","0","0","0","0","1722","633","0"
"2026-10-05T12:56:23.8797807+08:00","RUN","1000000","2500","1472380","1472380","1472379","1","0","0","0","0","0","0","0","0","0","0","0","0","0","1722","634","0"
"2026-10-05T12:56:24.8742191+08:00","RUN","1000000","2500","1474701","1474700","1474700","1","0","0","0","0","0","0","0","0","0","0","0","0","0","1722","635","0"
"2026-10-05T12:56:25.8539932+08:00","RUN","1000000","2500","1477022","1477022","1477021","1","0","0","0","0","0","0","0","0","0","0","0","0","0","1722","636","0"
"2026-10-05T12:56:26.8728996+08:00","RUN","1000000","2500","1479344","1479344","1479343","1","0","0","0","0","0","0","0","0","0","0","0","0","0","1722","637","0"
"2026-10-05T12:56:27.8547624+08:00","RUN","1000000","2500","1481667","1481667","1481666","1","0","0","0","0","0","0","0","0","0","0","0","0","0","1722","638","0"
"2026-10-05T12:56:28.8760886+08:00","RUN","1000000","2500","1483990","1483990","1483989","1","0","0","0","0","0","0","0","0","0","0","0","0","0","1722","639","0"
"2026-10-05T12:56:29.8552624+08:00","RUN","1000000","2500","1486313","1486312","1486312","1","0","0","0","0","0","0","0","0","0","0","0","0","0","1722","640","0"
"2026-10-05T12:56:30.8570272+08:00","RUN","1000000","2500","1488638","1488637","1488637","1","0","0","0","0","0","0","0","0","0","0","0","0","0","1722","641","0"
"2026-10-05T12:56:31.8459719+08:00","RUN","1000000","2500","1490961","1490961","1490960","1","0","0","0","0","0","0","0","0","0","0","0","0","0","1722","642","0"
"2026-10-05T12:56:32.8695935+08:00","RUN","1000000","2500","1493282","1493282","1493281","1","0","0","0","0","0","0","0","0","0","0","0","0","0","1722","643","0"
"2026-10-05T12:56:33.8400854+08:00","RUN","1000000","2500","1495606","1495606","1495605","1","0","0","0","0","0","0","0","0","0","0","0","0","0","1722","644","0"
"2026-10-05T12:56:34.8589984+08:00","RUN","1000000","2500","1497929","1497928","1497928","1","0","0","0","0","0","0","0","0","0","0","0","0","0","1722","645","0"
"2026-10-05T12:56:35.8572268+08:00","RUN","1000000","2500","1500250","1500250","1500249","1","0","0","0","0","0","0","0","0","0","0","0","0","0","1722","646","0"
"2026-10-05T12:56:36.8548050+08:00","RUN","1000000","2500","1502577","1502576","1502576","1","0","0","0","0","0","0","0","0","0","0","0","0","0","1722","647","0"
"2026-10-05T12:56:37.8300624+08:00","RUN","1000000","2500","1504901","1504900","1504900","1","0","0","0","0","0","0","0","0","0","0","0","0","0","1722","648","0"
"2026-10-05T12:56:38.8385087+08:00","RUN","1000000","2500","1507219","1507219","1507218","1","0","0","0","0","0","0","0","0","0","0","0","0","0","1722","649","0"
"2026-10-05T12:56:39.8511696+08:00","RUN","1000000","2500","1509538","1509537","1509537","1","0","0","0","0","0","0","0","0","0","0","0","0","0","1722","650","0"
"2026-10-05T12:56:40.8287076+08:00","RUN","1000000","2500","1511863","1511862","1511862","1","0","0","0","0","0","0","0","0","0","0","0","0","0","1722","651","0"
"2026-10-05T12:56:41.8511894+08:00","RUN","1000000","2500","1514187","1514186","1514186","1","0","0","0","0","0","0","0","0","0","0","0","0","0","1722","652","0"
"2026-10-05T12:56:42.8445334+08:00","RUN","1000000","2500","1516511","1516510","1516510","1","0","0","0","0","0","0","0","0","0","0","0","0","0","1722","653","0"
"2026-10-05T12:56:43.8258676+08:00","RUN","1000000","2500","1518836","1518836","1518835","1","0","0","0","0","0","0","0","0","0","0","0","0","0","1722","654","0"
"2026-10-05T12:56:44.8207214+08:00","RUN","1000000","2500","1521159","1521158","1521158","1","0","0","0","0","0","0","0","0","0","0","0","0","0","1722","655","0"
"2026-10-05T12:56:45.8349893+08:00","RUN","1000000","2500","1523483","1523482","1523482","1","0","0","0","0","0","0","0","0","0","0","0","0","0","1722","656","0"
"2026-10-05T12:56:46.8360858+08:00","RUN","1000000","2500","1525804","1525804","1525803","1","0","0","0","0","0","0","0","0","0","0","0","0","0","1722","657","0"
"2026-10-05T12:56:47.8351350+08:00","RUN","1000000","2500","1528127","1528126","1528126","1","0","0","0","0","0","0","0","0","0","0","0","0","0","1722","658","0"
"2026-10-05T12:56:48.8249652+08:00","RUN","1000000","2500","1530451","1530451","1530450","1","0","0","0","0","0","0","0","0","0","0","0","0","0","1722","659","0"
"2026-10-05T12:56:49.8089809+08:00","RUN","1000000","2500","1532774","1532773","1532773","1","0","0","0","0","0","0","0","0","0","0","0","0","0","1722","660","0"
"2026-10-05T12:56:50.8297850+08:00","RUN","1000000","2500","1535095","1535094","1535094","1","0","0","0","0","0","0","0","0","0","0","0","0","0","1722","661","0"
"2026-10-05T12:56:51.8259161+08:00","RUN","1000000","2500","1537419","1537418","1537418","1","0","0","0","0","0","0","0","0","0","0","0","0","0","1722","662","0"
"2026-10-05T12:56:52.8226223+08:00","RUN","1000000","2500","1539740","1539740","1539739","1","0","0","0","0","0","0","0","0","0","0","0","0","0","1722","663","0"
"2026-10-05T12:56:53.8192319+08:00","RUN","1000000","2500","1542063","1542062","1542062","1","0","0","0","0","0","0","0","0","0","0","0","0","0","1722","664","0"
"2026-10-05T12:56:54.7999516+08:00","RUN","1000000","2500","1544386","1544385","1544385","1","0","0","0","0","0","0","0","0","0","0","0","0","0","1722","665","0"
"2026-10-05T12:56:55.8012453+08:00","RUN","1000000","2500","1546709","1546709","1546708","1","0","0","0","0","0","0","0","0","0","0","0","0","0","1722","666","0"
"2026-10-05T12:56:56.8149508+08:00","RUN","1000000","2500","1549032","1549031","1549031","1","0","0","0","0","0","0","0","0","0","0","0","0","0","1722","667","0"
"2026-10-05T12:56:57.8142545+08:00","RUN","1000000","2500","1551355","1551354","1551354","1","0","0","0","0","0","0","0","0","0","0","0","0","0","1722","668","0"
"2026-10-05T12:56:58.7998921+08:00","RUN","1000000","2500","1553678","1553677","1553677","1","0","0","0","0","0","0","0","0","0","0","0","0","0","1722","669","0"
"2026-10-05T12:56:59.7804350+08:00","RUN","1000000","2500","1556003","1556002","1556002","1","0","0","0","0","0","0","0","0","0","0","0","0","0","1722","670","0"
"2026-10-05T12:57:00.7945606+08:00","RUN","1000000","2500","1558321","1558321","1558320","1","0","0","0","0","0","0","0","0","0","0","0","0","0","1722","671","0"
"2026-10-05T12:57:01.7931986+08:00","RUN","1000000","2500","1560640","1560639","1560639","1","0","0","0","0","0","0","0","0","0","0","0","0","0","1722","672","0"
"2026-10-05T12:57:02.7752455+08:00","RUN","1000000","2500","1562959","1562958","1562958","1","0","0","0","0","0","0","0","0","0","0","0","0","0","1722","673","0"
"2026-10-05T12:57:03.7974530+08:00","RUN","1000000","2500","1565277","1565276","1565276","1","0","0","0","0","0","0","0","0","0","0","0","0","0","1722","674","0"
"2026-10-05T12:57:04.7806361+08:00","RUN","1000000","2500","1567595","1567594","1567594","1","0","0","0","0","0","0","0","0","0","0","0","0","0","1722","675","0"
"2026-10-05T12:57:05.7716936+08:00","RUN","1000000","2500","1569913","1569912","1569912","1","0","0","0","0","0","0","0","0","0","0","0","0","0","1722","676","0"
"2026-10-05T12:57:06.7636554+08:00","RUN","1000000","2500","1572232","1572231","1572231","1","0","0","0","0","0","0","0","0","0","0","0","0","0","1722","677","0"
"2026-10-05T12:57:07.7672155+08:00","RUN","1000000","2500","1574550","1574550","1574549","1","0","0","0","0","0","0","0","0","0","0","0","0","0","1722","678","0"
"2026-10-05T12:57:08.7701853+08:00","RUN","1000000","2500","1576869","1576868","1576868","1","0","0","0","0","0","0","0","0","0","0","0","0","0","1722","679","0"
"2026-10-05T12:57:09.7865684+08:00","RUN","1000000","2500","1579188","1579188","1579187","1","0","0","0","0","0","0","0","0","0","0","0","0","0","1722","680","0"
"2026-10-05T12:57:10.7592444+08:00","RUN","1000000","2500","1581507","1581506","1581506","1","0","0","0","0","0","0","0","0","0","0","0","0","0","1722","681","0"
"2026-10-05T12:57:11.7544445+08:00","RUN","1000000","2500","1583826","1583825","1583825","1","0","0","0","0","0","0","0","0","0","0","0","0","0","1722","682","0"
"2026-10-05T12:57:12.7556711+08:00","RUN","1000000","2500","1586145","1586144","1586144","1","0","0","0","0","0","0","0","0","0","0","0","0","0","1722","683","0"
"2026-10-05T12:57:13.7720852+08:00","RUN","1000000","2500","1588463","1588463","1588462","1","0","0","0","0","0","0","0","0","0","0","0","0","0","1722","684","0"
"2026-10-05T12:57:14.7698324+08:00","RUN","1000000","2500","1590783","1590782","1590782","1","0","0","0","0","0","0","0","0","0","0","0","0","0","1722","685","0"
"2026-10-05T12:57:15.7508678+08:00","RUN","1000000","2500","1593105","1593104","1593104","1","0","0","0","0","0","0","0","0","0","0","0","0","0","1722","686","0"
"2026-10-05T12:57:16.7623227+08:00","RUN","1000000","2500","1595429","1595428","1595428","1","0","0","0","0","0","0","0","0","0","0","0","0","0","1722","687","0"
"2026-10-05T12:57:17.7661349+08:00","RUN","1000000","2500","1597751","1597750","1597750","1","0","0","0","0","0","0","0","0","0","0","0","0","0","1722","688","0"
"2026-10-05T12:57:18.7619918+08:00","RUN","1000000","2500","1600075","1600074","1600074","1","0","0","0","0","0","0","0","0","0","0","0","0","0","1722","689","0"
"2026-10-05T12:57:19.7542973+08:00","RUN","1000000","2500","1602397","1602397","1602396","1","0","0","0","0","0","0","0","0","0","0","0","0","0","1722","690","0"
"2026-10-05T12:57:20.7453766+08:00","RUN","1000000","2500","1604720","1604719","1604719","1","0","0","0","0","0","0","0","0","0","0","0","0","0","1722","691","0"
"2026-10-05T12:57:21.7445710+08:00","RUN","1000000","2500","1607040","1607039","1607039","1","0","0","0","0","0","0","0","0","0","0","0","0","0","1722","692","0"
"2026-10-05T12:57:22.7427642+08:00","RUN","1000000","2500","1609364","1609364","1609363","1","0","0","0","0","0","0","0","0","0","0","0","0","0","1722","693","0"
"2026-10-05T12:57:23.7277698+08:00","RUN","1000000","2500","1611688","1611687","1611687","1","0","0","0","0","0","0","0","0","0","0","0","0","0","1722","694","0"
"2026-10-05T12:57:24.7456854+08:00","RUN","1000000","2500","1614012","1614011","1614011","1","0","0","0","0","0","0","0","0","0","0","0","0","0","1722","695","0"
"2026-10-05T12:57:25.7361123+08:00","RUN","1000000","2500","1616334","1616333","1616333","1","0","0","0","0","0","0","0","0","0","0","0","0","0","1722","696","0"
"2026-10-05T12:57:26.7275350+08:00","RUN","1000000","2500","1618657","1618656","1618656","1","0","0","0","0","0","0","0","0","0","0","0","0","0","1722","697","0"
"2026-10-05T12:57:27.7423130+08:00","RUN","1000000","2500","1620981","1620981","1620980","1","0","0","0","0","0","0","0","0","0","0","0","0","0","1722","698","0"
"2026-10-05T12:57:28.7357329+08:00","RUN","1000000","2500","1623301","1623301","1623300","1","0","0","0","0","0","0","0","0","0","0","0","0","0","1722","699","0"
"2026-10-05T12:57:29.7265670+08:00","RUN","1000000","2500","1625625","1625624","1625624","1","0","0","0","0","0","0","0","0","0","0","0","0","0","1722","700","0"
"2026-10-05T12:57:30.7178631+08:00","RUN","1000000","2500","1627949","1627948","1627948","1","0","0","0","0","0","0","0","0","0","0","0","0","0","1722","701","0"
"2026-10-05T12:57:31.7084805+08:00","RUN","1000000","2500","1630270","1630270","1630269","1","0","0","0","0","0","0","0","0","0","0","0","0","0","1722","702","0"
"2026-10-05T12:57:32.7187090+08:00","RUN","1000000","2500","1632593","1632592","1632592","1","0","0","0","0","0","0","0","0","0","0","0","0","0","1722","703","0"
"2026-10-05T12:57:33.7294308+08:00","RUN","1000000","2500","1634916","1634916","1634915","1","0","0","0","0","0","0","0","0","0","0","0","0","0","1722","704","0"
"2026-10-05T12:57:34.7191935+08:00","RUN","1000000","2500","1637237","1637236","1637236","1","0","0","0","0","0","0","0","0","0","0","0","0","0","1722","705","0"
"2026-10-05T12:57:35.7124217+08:00","RUN","1000000","2500","1639555","1639555","1639554","1","0","0","0","0","0","0","0","0","0","0","0","0","0","1722","706","0"
"2026-10-05T12:57:36.7157220+08:00","RUN","1000000","2500","1641877","1641877","1641876","1","0","0","0","0","0","0","0","0","0","0","0","0","0","1722","707","0"
"2026-10-05T12:57:37.7231212+08:00","RUN","1000000","2500","1644199","1644198","1644198","1","0","0","0","0","0","0","0","0","0","0","0","0","0","1722","708","0"
"2026-10-05T12:57:38.6932483+08:00","RUN","1000000","2500","1646524","1646523","1646523","1","0","0","0","0","0","0","0","0","0","0","0","0","0","1722","709","0"
"2026-10-05T12:57:39.6994034+08:00","RUN","1000000","2500","1648846","1648846","1648845","1","0","0","0","0","0","0","0","0","0","0","0","0","0","1722","710","0"
"2026-10-05T12:57:40.6975639+08:00","RUN","1000000","2500","1651169","1651169","1651168","1","0","0","0","0","0","0","0","0","0","0","0","0","0","1722","711","0"
"2026-10-05T12:57:41.7115284+08:00","RUN","1000000","2500","1653493","1653492","1653492","1","0","0","0","0","0","0","0","0","0","0","0","0","0","1722","712","0"
"2026-10-05T12:57:42.7053745+08:00","RUN","1000000","2500","1655815","1655815","1655814","1","0","0","0","0","0","0","0","0","0","0","0","0","0","1722","713","0"
"2026-10-05T12:57:43.6927427+08:00","RUN","1000000","2500","1658139","1658138","1658138","1","0","0","0","0","0","0","0","0","0","0","0","0","0","1722","714","0"
"2026-10-05T12:57:44.6839206+08:00","RUN","1000000","2500","1660462","1660462","1660461","1","0","0","0","0","0","0","0","0","0","0","0","0","0","1722","715","0"
"2026-10-05T12:57:45.6754028+08:00","RUN","1000000","2500","1662784","1662784","1662783","1","0","0","0","0","0","0","0","0","0","0","0","0","0","1722","716","0"
"2026-10-05T12:57:46.6733104+08:00","RUN","1000000","2500","1665106","1665105","1665105","1","0","0","0","0","0","0","0","0","0","0","0","0","0","1722","717","0"
"2026-10-05T12:57:47.6924211+08:00","RUN","1000000","2500","1667429","1667428","1667428","1","0","0","0","0","0","0","0","0","0","0","0","0","0","1722","718","0"
"2026-10-05T12:57:48.6794856+08:00","RUN","1000000","2500","1669753","1669752","1669752","1","0","0","0","0","0","0","0","0","0","0","0","0","0","1722","719","0"
"2026-10-05T12:57:49.6814256+08:00","RUN","1000000","2500","1672073","1672072","1672072","1","0","0","0","0","0","0","0","0","0","0","0","0","0","1722","720","0"
"2026-10-05T12:57:50.6858519+08:00","RUN","1000000","2500","1674396","1674395","1674395","1","0","0","0","0","0","0","0","0","0","0","0","0","0","1722","721","0"
"2026-10-05T12:57:51.6614822+08:00","RUN","1000000","2500","1676719","1676719","1676718","1","0","0","0","0","0","0","0","0","0","0","0","0","0","1722","722","0"
"2026-10-05T12:57:52.6840272+08:00","RUN","1000000","2500","1679042","1679041","1679041","1","0","0","0","0","0","0","0","0","0","0","0","0","0","1722","723","0"
"2026-10-05T12:57:53.6775906+08:00","RUN","1000000","2500","1681364","1681363","1681363","1","0","0","0","0","0","0","0","0","0","0","0","0","0","1722","724","0"
"2026-10-05T12:57:54.6814657+08:00","RUN","1000000","2500","1683687","1683686","1683686","1","0","0","0","0","0","0","0","0","0","0","0","0","0","1722","725","0"
"2026-10-05T12:57:55.6747380+08:00","RUN","1000000","2500","1686011","1686010","1686010","1","0","0","0","0","0","0","0","0","0","0","0","0","0","1722","726","0"
"2026-10-05T12:57:56.6628856+08:00","RUN","1000000","2500","1688333","1688332","1688332","1","0","0","0","0","0","0","0","0","0","0","0","0","0","1722","727","0"
"2026-10-05T12:57:57.6764167+08:00","RUN","1000000","2500","1690658","1690657","1690657","1","0","0","0","0","0","0","0","0","0","0","0","0","0","1722","728","0"
"2026-10-05T12:57:58.6602617+08:00","RUN","1000000","2500","1692983","1692982","1692982","1","0","0","0","0","0","0","0","0","0","0","0","0","0","1722","729","0"
"2026-10-05T12:57:59.6445863+08:00","RUN","1000000","2500","1695304","1695304","1695303","1","0","0","0","0","0","0","0","0","0","0","0","0","0","1722","730","0"
"2026-10-05T12:58:00.6765659+08:00","RUN","1000000","2500","1697626","1697626","1697625","1","0","0","0","0","0","0","0","0","0","0","0","0","0","1722","731","0"
"2026-10-05T12:58:01.6517709+08:00","RUN","1000000","2500","1699948","1699947","1699947","1","0","0","0","0","0","0","0","0","0","0","0","0","0","1722","732","0"
"2026-10-05T12:58:02.6486461+08:00","RUN","1000000","2500","1702266","1702265","1702265","1","0","0","0","0","0","0","0","0","0","0","0","0","0","1722","733","0"
"2026-10-05T12:58:03.6443071+08:00","RUN","1000000","2500","1704585","1704584","1704584","1","0","0","0","0","0","0","0","0","0","0","0","0","0","1722","734","0"
"2026-10-05T12:58:04.6318154+08:00","RUN","1000000","2500","1706904","1706904","1706903","1","0","0","0","0","0","0","0","0","0","0","0","0","0","1722","735","0"
"2026-10-05T12:58:05.6532977+08:00","RUN","1000000","2500","1709226","1709226","1709225","1","0","0","0","0","0","0","0","0","0","0","0","0","0","1722","736","0"
"2026-10-05T12:58:06.6368245+08:00","RUN","1000000","2500","1711550","1711549","1711549","1","0","0","0","0","0","0","0","0","0","0","0","0","0","1722","737","0"
"2026-10-05T12:58:07.6473409+08:00","RUN","1000000","2500","1713872","1713872","1713871","1","0","0","0","0","0","0","0","0","0","0","0","0","0","1722","738","0"
"2026-10-05T12:58:08.6523239+08:00","RUN","1000000","2500","1716196","1716195","1716195","1","0","0","0","0","0","0","0","0","0","0","0","0","0","1722","739","0"
"2026-10-05T12:58:09.6304685+08:00","RUN","1000000","2500","1718518","1718517","1718517","1","0","0","0","0","0","0","0","0","0","0","0","0","0","1722","740","0"
"2026-10-05T12:58:10.6362600+08:00","RUN","1000000","2500","1720839","1720838","1720838","1","0","0","0","0","0","0","0","0","0","0","0","0","0","1722","741","0"
"2026-10-05T12:58:11.6268456+08:00","RUN","1000000","2500","1723162","1723161","1723161","1","0","0","0","0","0","0","0","0","0","0","0","0","0","1722","742","0"
"2026-10-05T12:58:12.6357802+08:00","RUN","1000000","2500","1725485","1725484","1725484","1","0","0","0","0","0","0","0","0","0","0","0","0","0","1722","743","0"
"2026-10-05T12:58:13.6411094+08:00","RUN","1000000","2500","1727807","1727806","1727806","1","0","0","0","0","0","0","0","0","0","0","0","0","0","1722","744","0"
"2026-10-05T12:58:14.6158900+08:00","RUN","1000000","2500","1730129","1730128","1730128","1","0","0","0","0","0","0","0","0","0","0","0","0","0","1722","745","0"
"2026-10-05T12:58:15.6271653+08:00","RUN","1000000","2500","1732452","1732451","1732451","1","0","0","0","0","0","0","0","0","0","0","0","0","0","1722","746","0"
"2026-10-05T12:58:16.6076190+08:00","RUN","1000000","2500","1734775","1734774","1734774","1","0","0","0","0","0","0","0","0","0","0","0","0","0","1722","747","0"
"2026-10-05T12:58:17.6285368+08:00","RUN","1000000","2500","1737096","1737095","1737095","1","0","0","0","0","0","0","0","0","0","0","0","0","0","1722","748","0"
"2026-10-05T12:58:18.6189416+08:00","RUN","1000000","2500","1739419","1739418","1739418","1","0","0","0","0","0","0","0","0","0","0","0","0","0","1722","749","0"
"2026-10-05T12:58:19.6071813+08:00","RUN","1000000","2500","1741743","1741742","1741742","1","0","0","0","0","0","0","0","0","0","0","0","0","0","1722","750","0"
"2026-10-05T12:58:20.6189708+08:00","RUN","1000000","2500","1744066","1744065","1744065","1","0","0","0","0","0","0","0","0","0","0","0","0","0","1722","751","0"
"2026-10-05T12:58:21.6150528+08:00","RUN","1000000","2500","1746387","1746386","1746386","1","0","0","0","0","0","0","0","0","0","0","0","0","0","1722","752","0"
"2026-10-05T12:58:22.6028532+08:00","RUN","1000000","2500","1748708","1748707","1748707","1","0","0","0","0","0","0","0","0","0","0","0","0","0","1722","753","0"
"2026-10-05T12:58:23.6075602+08:00","RUN","1000000","2500","1751031","1751030","1751030","1","0","0","0","0","0","0","0","0","0","0","0","0","0","1722","754","0"
"2026-10-05T12:58:24.6035207+08:00","RUN","1000000","2500","1753351","1753350","1753350","1","0","0","0","0","0","0","0","0","0","0","0","0","0","1722","755","0"
"2026-10-05T12:58:25.5957828+08:00","RUN","1000000","2500","1755676","1755675","1755675","1","0","0","0","0","0","0","0","0","0","0","0","0","0","1722","756","0"
"2026-10-05T12:58:26.5918739+08:00","RUN","1000000","2500","1757998","1757998","1757997","1","0","0","0","0","0","0","0","0","0","0","0","0","0","1722","757","0"
"2026-10-05T12:58:27.6071047+08:00","RUN","1000000","2500","1760323","1760322","1760322","1","0","0","0","0","0","0","0","0","0","0","0","0","0","1722","758","0"
"2026-10-05T12:58:28.5968847+08:00","RUN","1000000","2500","1762645","1762644","1762644","1","0","0","0","0","0","0","0","0","0","0","0","0","0","1722","759","0"
"2026-10-05T12:58:29.5809391+08:00","RUN","1000000","2500","1764967","1764966","1764966","1","0","0","0","0","0","0","0","0","0","0","0","0","0","1722","760","0"
"2026-10-05T12:58:30.5720221+08:00","RUN","1000000","2500","1767290","1767289","1767289","1","0","0","0","0","0","0","0","0","0","0","0","0","0","1722","761","0"
"2026-10-05T12:58:31.5877919+08:00","RUN","1000000","2500","1769609","1769609","1769608","1","0","0","0","0","0","0","0","0","0","0","0","0","0","1722","762","0"
"2026-10-05T12:58:32.5775276+08:00","RUN","1000000","2500","1771929","1771928","1771928","1","0","0","0","0","0","0","0","0","0","0","0","0","0","1722","763","0"
"2026-10-05T12:58:33.5674605+08:00","RUN","1000000","2500","1774252","1774252","1774251","1","0","0","0","0","0","0","0","0","0","0","0","0","0","1722","764","0"
"2026-10-05T12:58:34.5652099+08:00","RUN","1000000","2500","1776573","1776572","1776572","1","0","0","0","0","0","0","0","0","0","0","0","0","0","1722","765","0"
"2026-10-05T12:58:35.5783484+08:00","RUN","1000000","2500","1778895","1778894","1778894","1","0","0","0","0","0","0","0","0","0","0","0","0","0","1722","766","0"
"2026-10-05T12:58:36.5715902+08:00","RUN","1000000","2500","1781220","1781219","1781219","1","0","0","0","0","0","0","0","0","0","0","0","0","0","1722","767","0"
"2026-10-05T12:58:37.5749098+08:00","RUN","1000000","2500","1783542","1783542","1783541","1","0","0","0","0","0","0","0","0","0","0","0","0","0","1722","768","0"
"2026-10-05T12:58:38.5700332+08:00","RUN","1000000","2500","1785867","1785866","1785866","1","0","0","0","0","0","0","0","0","0","0","0","0","0","1722","769","0"
"2026-10-05T12:58:39.5606660+08:00","RUN","1000000","2500","1788188","1788187","1788187","1","0","0","0","0","0","0","0","0","0","0","0","0","0","1722","770","0"
"2026-10-05T12:58:40.5857877+08:00","RUN","1000000","2500","1790512","1790512","1790511","1","0","0","0","0","0","0","0","0","0","0","0","0","0","1722","771","0"
"2026-10-05T12:58:41.5657696+08:00","RUN","1000000","2500","1792835","1792834","1792834","1","0","0","0","0","0","0","0","0","0","0","0","0","0","1722","772","0"
"2026-10-05T12:58:42.5598126+08:00","RUN","1000000","2500","1795155","1795154","1795154","1","0","0","0","0","0","0","0","0","0","0","0","0","0","1722","773","0"
"2026-10-05T12:58:43.5395367+08:00","RUN","1000000","2500","1797478","1797477","1797477","1","0","0","0","0","0","0","0","0","0","0","0","0","0","1722","774","0"
"2026-10-05T12:58:44.5470948+08:00","RUN","1000000","2500","1799800","1799799","1799799","1","0","0","0","0","0","0","0","0","0","0","0","0","0","1722","775","0"
"2026-10-05T12:58:45.5391748+08:00","RUN","1000000","2500","1802121","1802120","1802120","1","0","0","0","0","0","0","0","0","0","0","0","0","0","1722","776","0"
"2026-10-05T12:58:46.5360538+08:00","RUN","1000000","2500","1804441","1804441","1804440","1","0","0","0","0","0","0","0","0","0","0","0","0","0","1722","777","0"
"2026-10-05T12:58:47.5520964+08:00","RUN","1000000","2500","1806763","1806762","1806762","1","0","0","0","0","0","0","0","0","0","0","0","0","0","1722","778","0"
"2026-10-05T12:58:48.5504209+08:00","RUN","1000000","2500","1809086","1809086","1809085","1","0","0","0","0","0","0","0","0","0","0","0","0","0","1722","779","0"
"2026-10-05T12:58:49.5327940+08:00","RUN","1000000","2500","1811408","1811408","1811407","1","0","0","0","0","0","0","0","0","0","0","0","0","0","1722","780","0"
"2026-10-05T12:58:50.5466784+08:00","RUN","1000000","2500","1813732","1813731","1813731","1","0","0","0","0","0","0","0","0","0","0","0","0","0","1722","781","0"
"2026-10-05T12:58:51.5391469+08:00","RUN","1000000","2500","1816055","1816055","1816054","1","0","0","0","0","0","0","0","0","0","0","0","0","0","1722","782","0"
"2026-10-05T12:58:52.5266811+08:00","RUN","1000000","2500","1818378","1818377","1818377","1","0","0","0","0","0","0","0","0","0","0","0","0","0","1722","783","0"
"2026-10-05T12:58:53.5178247+08:00","RUN","1000000","2500","1820701","1820700","1820700","1","0","0","0","0","0","0","0","0","0","0","0","0","0","1722","784","0"
"2026-10-05T12:58:54.5338267+08:00","RUN","1000000","2500","1823025","1823024","1823024","1","0","0","0","0","0","0","0","0","0","0","0","0","0","1722","785","0"
"2026-10-05T12:58:55.5167833+08:00","RUN","1000000","2500","1825345","1825344","1825344","1","0","0","0","0","0","0","0","0","0","0","0","0","0","1722","786","0"
"2026-10-05T12:58:56.5240808+08:00","RUN","1000000","2500","1827666","1827666","1827665","1","0","0","0","0","0","0","0","0","0","0","0","0","0","1722","787","0"
"2026-10-05T12:58:57.5183239+08:00","RUN","1000000","2500","1829985","1829984","1829984","1","0","0","0","0","0","0","0","0","0","0","0","0","0","1722","788","0"
"2026-10-05T12:58:58.5134866+08:00","RUN","1000000","2500","1832303","1832302","1832302","1","0","0","0","0","0","0","0","0","0","0","0","0","0","1722","789","0"
"2026-10-05T12:58:59.5108501+08:00","RUN","1000000","2500","1834621","1834621","1834620","1","0","0","0","0","0","0","0","0","0","0","0","0","0","1722","790","0"
"2026-10-05T12:59:00.5081617+08:00","RUN","1000000","2500","1836939","1836938","1836938","1","0","0","0","0","0","0","0","0","0","0","0","0","0","1722","791","0"
"2026-10-05T12:59:01.5198645+08:00","RUN","1000000","2500","1839258","1839257","1839257","1","0","0","0","0","0","0","0","0","0","0","0","0","0","1722","792","0"
"2026-10-05T12:59:02.5017686+08:00","RUN","1000000","2500","1841576","1841575","1841575","1","0","0","0","0","0","0","0","0","0","0","0","0","0","1722","793","0"
"2026-10-05T12:59:03.5168917+08:00","RUN","1000000","2500","1843895","1843894","1843894","1","0","0","0","0","0","0","0","0","0","0","0","0","0","1722","794","0"
"2026-10-05T12:59:04.5151644+08:00","RUN","1000000","2500","1846218","1846217","1846217","1","0","0","0","0","0","0","0","0","0","0","0","0","0","1722","795","0"
"2026-10-05T12:59:05.5042689+08:00","RUN","1000000","2500","1848540","1848540","1848539","1","0","0","0","0","0","0","0","0","0","0","0","0","0","1722","796","0"
"2026-10-05T12:59:06.5084751+08:00","RUN","1000000","2500","1850864","1850863","1850863","1","0","0","0","0","0","0","0","0","0","0","0","0","0","1722","797","0"
"2026-10-05T12:59:07.4955611+08:00","RUN","1000000","2500","1853183","1853183","1853182","1","0","0","0","0","0","0","0","0","0","0","0","0","0","1722","798","0"
"2026-10-05T12:59:08.5064907+08:00","RUN","1000000","2500","1855506","1855505","1855505","1","0","0","0","0","0","0","0","0","0","0","0","0","0","1722","799","0"
"2026-10-05T12:59:09.4884263+08:00","RUN","1000000","2500","1857827","1857826","1857826","1","0","0","0","0","0","0","0","0","0","0","0","0","0","1722","800","0"
"2026-10-05T12:59:10.5062786+08:00","RUN","1000000","2500","1860148","1860148","1860147","1","0","0","0","0","0","0","0","0","0","0","0","0","0","1722","801","0"
"2026-10-05T12:59:11.4755183+08:00","RUN","1000000","2500","1862471","1862470","1862470","1","0","0","0","0","0","0","0","0","0","0","0","0","0","1722","802","0"
"2026-10-05T12:59:12.4717614+08:00","RUN","1000000","2500","1864792","1864791","1864791","1","0","0","0","0","0","0","0","0","0","0","0","0","0","1722","803","0"
"2026-10-05T12:59:13.4703934+08:00","RUN","1000000","2500","1867114","1867113","1867113","1","0","0","0","0","0","0","0","0","0","0","0","0","0","1722","804","0"
"2026-10-05T12:59:14.4808216+08:00","RUN","1000000","2500","1869433","1869432","1869432","1","0","0","0","0","0","0","0","0","0","0","0","0","0","1722","805","0"
"2026-10-05T12:59:15.4903616+08:00","RUN","1000000","2500","1871755","1871755","1871754","1","0","0","0","0","0","0","0","0","0","0","0","0","0","1722","806","0"
"2026-10-05T12:59:16.4847850+08:00","RUN","1000000","2500","1874077","1874076","1874076","1","0","0","0","0","0","0","0","0","0","0","0","0","0","1722","807","0"
"2026-10-05T12:59:17.4633327+08:00","RUN","1000000","2500","1876400","1876400","1876399","1","0","0","0","0","0","0","0","0","0","0","0","0","0","1722","808","0"
"2026-10-05T12:59:18.4815773+08:00","RUN","1000000","2500","1878721","1878720","1878720","1","0","0","0","0","0","0","0","0","0","0","0","0","0","1722","809","0"
"2026-10-05T12:59:19.4875738+08:00","RUN","1000000","2500","1881045","1881044","1881044","1","0","0","0","0","0","0","0","0","0","0","0","0","0","1722","810","0"
"2026-10-05T12:59:20.4573383+08:00","RUN","1000000","2500","1883367","1883366","1883366","1","0","0","0","0","0","0","0","0","0","0","0","0","0","1722","811","0"
"2026-10-05T12:59:21.4530529+08:00","RUN","1000000","2500","1885688","1885688","1885687","1","0","0","0","0","0","0","0","0","0","0","0","0","0","1722","812","0"
"2026-10-05T12:59:22.4531243+08:00","RUN","1000000","2500","1888011","1888010","1888010","1","0","0","0","0","0","0","0","0","0","0","0","0","0","1722","813","0"
"2026-10-05T12:59:23.4713684+08:00","RUN","1000000","2500","1890334","1890333","1890333","1","0","0","0","0","0","0","0","0","0","0","0","0","0","1722","814","0"
"2026-10-05T12:59:24.4645983+08:00","RUN","1000000","2500","1892657","1892656","1892656","1","0","0","0","0","0","0","0","0","0","0","0","0","0","1722","815","0"
"2026-10-05T12:59:25.4533716+08:00","RUN","1000000","2500","1894979","1894978","1894978","1","0","0","0","0","0","0","0","0","0","0","0","0","0","1722","816","0"
"2026-10-05T12:59:26.4649327+08:00","RUN","1000000","2500","1897301","1897300","1897300","1","0","0","0","0","0","0","0","0","0","0","0","0","0","1722","817","0"
"2026-10-05T12:59:27.4689010+08:00","RUN","1000000","2500","1899621","1899620","1899620","1","0","0","0","0","0","0","0","0","0","0","0","0","0","1722","818","0"
"2026-10-05T12:59:28.4444000+08:00","RUN","1000000","2500","1901939","1901939","1901938","1","0","0","0","0","0","0","0","0","0","0","0","0","0","1722","819","0"
"2026-10-05T12:59:29.4590336+08:00","RUN","1000000","2500","1904261","1904260","1904260","1","0","0","0","0","0","0","0","0","0","0","0","0","0","1722","820","0"
"2026-10-05T12:59:30.4420264+08:00","RUN","1000000","2500","1906583","1906583","1906582","1","0","0","0","0","0","0","0","0","0","0","0","0","0","1722","821","0"
"2026-10-05T12:59:31.4312821+08:00","RUN","1000000","2500","1908907","1908906","1908906","1","0","0","0","0","0","0","0","0","0","0","0","0","0","1722","822","0"
"2026-10-05T12:59:32.4530716+08:00","RUN","1000000","2500","1911231","1911231","1911230","1","0","0","0","0","0","0","0","0","0","0","0","0","0","1722","823","0"
"2026-10-05T12:59:33.4461250+08:00","RUN","1000000","2500","1913555","1913555","1913554","1","0","0","0","0","0","0","0","0","0","0","0","0","0","1722","824","0"
"2026-10-05T12:59:34.4343922+08:00","RUN","1000000","2500","1915878","1915877","1915877","1","0","0","0","0","0","0","0","0","0","0","0","0","0","1722","825","0"
"2026-10-05T12:59:35.4390702+08:00","RUN","1000000","2500","1918198","1918197","1918197","1","0","0","0","0","0","0","0","0","0","0","0","0","0","1722","826","0"
"2026-10-05T12:59:36.4348103+08:00","RUN","1000000","2500","1920522","1920521","1920521","1","0","0","0","0","0","0","0","0","0","0","0","0","0","1722","827","0"
"2026-10-05T12:59:37.4184117+08:00","RUN","1000000","2500","1922843","1922843","1922842","1","0","0","0","0","0","0","0","0","0","0","0","0","0","1722","828","0"
"2026-10-05T12:59:38.4402965+08:00","RUN","1000000","2500","1925164","1925164","1925163","1","0","0","0","0","0","0","0","0","0","0","0","0","0","1722","829","0"
"2026-10-05T12:59:39.4324979+08:00","RUN","1000000","2500","1927488","1927487","1927487","1","0","0","0","0","0","0","0","0","0","0","0","0","0","1722","830","0"
"2026-10-05T12:59:40.4174905+08:00","RUN","1000000","2500","1929811","1929810","1929810","1","0","0","0","0","0","0","0","0","0","0","0","0","0","1722","831","0"
"2026-10-05T12:59:41.4370543+08:00","RUN","1000000","2500","1932136","1932135","1932135","1","0","0","0","0","0","0","0","0","0","0","0","0","0","1722","832","0"
"2026-10-05T12:59:42.4306283+08:00","RUN","1000000","2500","1934455","1934455","1934454","1","0","0","0","0","0","0","0","0","0","0","0","0","0","1722","833","0"
"2026-10-05T12:59:43.4198487+08:00","RUN","1000000","2500","1936779","1936779","1936778","1","0","0","0","0","0","0","0","0","0","0","0","0","0","1722","834","0"
"2026-10-05T12:59:44.4256344+08:00","RUN","1000000","2500","1939104","1939103","1939103","1","0","0","0","0","0","0","0","0","0","0","0","0","0","1722","835","0"
"2026-10-05T12:59:45.4323595+08:00","RUN","1000000","2500","1941428","1941427","1941427","1","0","0","0","0","0","0","0","0","0","0","0","0","0","1722","836","0"
"2026-10-05T12:59:46.4234010+08:00","RUN","1000000","2500","1943750","1943750","1943749","1","0","0","0","0","0","0","0","0","0","0","0","0","0","1722","837","0"
"2026-10-05T12:59:47.3989969+08:00","RUN","1000000","2500","1946074","1946073","1946073","1","0","0","0","0","0","0","0","0","0","0","0","0","0","1722","838","0"
"2026-10-05T12:59:48.4376911+08:00","RUN","1000000","2500","1948397","1948396","1948396","1","0","0","0","0","0","0","0","0","0","0","0","0","0","1722","839","0"
"2026-10-05T12:59:49.4119318+08:00","RUN","1000000","2500","1950719","1950718","1950718","1","0","0","0","0","0","0","0","0","0","0","0","0","0","1722","840","0"
"2026-10-05T12:59:50.4032900+08:00","RUN","1000000","2500","1953043","1953042","1953042","1","0","0","0","0","0","0","0","0","0","0","0","0","0","1722","841","0"
"2026-10-05T12:59:51.4093140+08:00","RUN","1000000","2500","1955365","1955364","1955364","1","0","0","0","0","0","0","0","0","0","0","0","0","0","1722","842","0"
"2026-10-05T12:59:52.3999802+08:00","RUN","1000000","2500","1957689","1957688","1957688","1","0","0","0","0","0","0","0","0","0","0","0","0","0","1722","843","0"
"2026-10-05T12:59:53.4099090+08:00","RUN","1000000","2500","1960011","1960010","1960010","1","0","0","0","0","0","0","0","0","0","0","0","0","0","1722","844","0"
"2026-10-05T12:59:54.4142214+08:00","RUN","1000000","2500","1962334","1962333","1962333","1","0","0","0","0","0","0","0","0","0","0","0","0","0","1722","845","0"
"2026-10-05T12:59:55.3887626+08:00","RUN","1000000","2500","1964653","1964652","1964652","1","0","0","0","0","0","0","0","0","0","0","0","0","0","1722","846","0"
"2026-10-05T12:59:56.3887405+08:00","RUN","1000000","2500","1966972","1966971","1966971","1","0","0","0","0","0","0","0","0","0","0","0","0","0","1722","847","0"
"2026-10-05T12:59:57.3772452+08:00","RUN","1000000","2500","1969290","1969289","1969289","1","0","0","0","0","0","0","0","0","0","0","0","0","0","1722","848","0"
"2026-10-05T12:59:58.3983050+08:00","RUN","1000000","2500","1971612","1971611","1971611","1","0","0","0","0","0","0","0","0","0","0","0","0","0","1722","849","0"
"2026-10-05T12:59:59.3801837+08:00","RUN","1000000","2500","1973936","1973935","1973935","1","0","0","0","0","0","0","0","0","0","0","0","0","0","1722","850","0"
"2026-10-05T13:00:00.3820716+08:00","RUN","1000000","2500","1976259","1976258","1976258","1","0","0","0","0","0","0","0","0","0","0","0","0","0","1722","851","0"
"2026-10-05T13:00:01.4031659+08:00","RUN","1000000","2500","1978582","1978581","1978581","1","0","0","0","0","0","0","0","0","0","0","0","0","0","1722","852","0"
"2026-10-05T13:00:02.3946434+08:00","RUN","1000000","2500","1980904","1980904","1980903","1","0","0","0","0","0","0","0","0","0","0","0","0","0","1722","853","0"
"2026-10-05T13:00:03.3717094+08:00","RUN","1000000","2500","1983225","1983225","1983224","1","0","0","0","0","0","0","0","0","0","0","0","0","0","1722","854","0"
"2026-10-05T13:00:04.3612801+08:00","RUN","1000000","2500","1985550","1985549","1985549","1","0","0","0","0","0","0","0","0","0","0","0","0","0","1722","855","0"
"2026-10-05T13:00:05.3691423+08:00","RUN","1000000","2500","1987873","1987873","1987872","1","0","0","0","0","0","0","0","0","0","0","0","0","0","1722","856","0"
"2026-10-05T13:00:06.3693207+08:00","RUN","1000000","2500","1990197","1990196","1990196","1","0","0","0","0","0","0","0","0","0","0","0","0","0","1722","857","0"
"2026-10-05T13:00:07.3817862+08:00","RUN","1000000","2500","1992519","1992519","1992518","1","0","0","0","0","0","0","0","0","0","0","0","0","0","1722","858","0"
"2026-10-05T13:00:08.3689807+08:00","RUN","1000000","2500","1994842","1994841","1994841","1","0","0","0","0","0","0","0","0","0","0","0","0","0","1722","859","0"
"2026-10-05T13:00:09.3536585+08:00","RUN","1000000","2500","1997166","1997165","1997165","1","0","0","0","0","0","0","0","0","0","0","0","0","0","1722","860","0"
"2026-10-05T13:00:10.3636858+08:00","RUN","1000000","2500","1999487","1999486","1999486","1","0","0","0","0","0","0","0","0","0","0","0","0","0","1722","861","0"
"2026-10-05T13:00:11.3531487+08:00","RUN","1000000","2500","2001810","2001809","2001809","1","0","0","0","0","0","0","0","0","0","0","0","0","0","1722","862","0"
"2026-10-05T13:00:12.3520788+08:00","RUN","1000000","2500","2004133","2004132","2004132","1","0","0","0","0","0","0","0","0","0","0","0","0","0","1722","863","0"
"2026-10-05T13:00:13.3671919+08:00","RUN","1000000","2500","2006456","2006456","2006455","1","0","0","0","0","0","0","0","0","0","0","0","0","0","1722","864","0"
"2026-10-05T13:00:14.3523177+08:00","RUN","1000000","2500","2008777","2008777","2008776","1","0","0","0","0","0","0","0","0","0","0","0","0","0","1722","865","0"
"2026-10-05T13:00:15.3407341+08:00","RUN","1000000","2500","2011099","2011099","2011098","1","0","0","0","0","0","0","0","0","0","0","0","0","0","1722","866","0"
"2026-10-05T13:00:16.3365266+08:00","RUN","1000000","2500","2013424","2013423","2013423","1","0","0","0","0","0","0","0","0","0","0","0","0","0","1722","867","0"
"2026-10-05T13:00:17.3356032+08:00","RUN","1000000","2500","2015745","2015744","2015744","1","0","0","0","0","0","0","0","0","0","0","0","0","0","1722","868","0"
"2026-10-05T13:00:18.3532688+08:00","RUN","1000000","2500","2018068","2018068","2018067","1","0","0","0","0","0","0","0","0","0","0","0","0","0","1722","869","0"
"2026-10-05T13:00:19.3562872+08:00","RUN","1000000","2500","2020390","2020390","2020389","1","0","0","0","0","0","0","0","0","0","0","0","0","0","1722","870","0"
"2026-10-05T13:00:20.3513076+08:00","RUN","1000000","2500","2022714","2022713","2022713","1","0","0","0","0","0","0","0","0","0","0","0","0","0","1722","871","0"
"2026-10-05T13:00:21.3328927+08:00","RUN","1000000","2500","2025037","2025036","2025036","1","0","0","0","0","0","0","0","0","0","0","0","0","0","1722","872","0"
"2026-10-05T13:00:22.3563377+08:00","RUN","1000000","2500","2027363","2027362","2027362","1","0","0","0","0","0","0","0","0","0","0","0","0","0","1722","873","0"
"2026-10-05T13:00:23.3279669+08:00","RUN","1000000","2500","2029685","2029685","2029684","1","0","0","0","0","0","0","0","0","0","0","0","0","0","1722","874","0"
"2026-10-05T13:00:24.3194428+08:00","RUN","1000000","2500","2032004","2032004","2032003","1","0","0","0","0","0","0","0","0","0","0","0","0","0","1722","875","0"
"2026-10-05T13:00:25.3344996+08:00","RUN","1000000","2500","2034321","2034320","2034320","1","0","0","0","0","0","0","0","0","0","0","0","0","0","1722","876","0"
"2026-10-05T13:00:26.3346059+08:00","RUN","1000000","2500","2036638","2036637","2036637","1","0","0","0","0","0","0","0","0","0","0","0","0","0","1722","877","0"
"2026-10-05T13:00:27.3183441+08:00","RUN","1000000","2500","2038957","2038956","2038956","1","0","0","0","0","0","0","0","0","0","0","0","0","0","1722","878","0"
"2026-10-05T13:00:28.3181568+08:00","RUN","1000000","2500","2041275","2041274","2041274","1","0","0","0","0","0","0","0","0","0","0","0","0","0","1722","879","0"
"2026-10-05T13:00:29.3215868+08:00","RUN","1000000","2500","2043594","2043593","2043593","1","0","0","0","0","0","0","0","0","0","0","0","0","0","1722","880","0"
"2026-10-05T13:00:30.3223411+08:00","RUN","1000000","2500","2045912","2045911","2045911","1","0","0","0","0","0","0","0","0","0","0","0","0","0","1722","881","0"
"2026-10-05T13:00:31.3213681+08:00","RUN","1000000","2500","2048231","2048230","2048230","1","0","0","0","0","0","0","0","0","0","0","0","0","0","1722","882","0"
"2026-10-05T13:00:32.3177996+08:00","RUN","1000000","2500","2050549","2050549","2050548","1","0","0","0","0","0","0","0","0","0","0","0","0","0","1722","883","0"
"2026-10-05T13:00:33.3156283+08:00","RUN","1000000","2500","2052867","2052866","2052866","1","0","0","0","0","0","0","0","0","0","0","0","0","0","1722","884","0"
"2026-10-05T13:00:34.3178740+08:00","RUN","1000000","2500","2055185","2055184","2055184","1","0","0","0","0","0","0","0","0","0","0","0","0","0","1722","885","0"
"2026-10-05T13:00:35.3075498+08:00","RUN","1000000","2500","2057503","2057502","2057502","1","0","0","0","0","0","0","0","0","0","0","0","0","0","1722","886","0"
"2026-10-05T13:00:36.3014362+08:00","RUN","1000000","2500","2059822","2059821","2059821","1","0","0","0","0","0","0","0","0","0","0","0","0","0","1722","887","0"
"2026-10-05T13:00:37.2984486+08:00","RUN","1000000","2500","2062141","2062140","2062140","1","0","0","0","0","0","0","0","0","0","0","0","0","0","1722","888","0"
"2026-10-05T13:00:38.3189643+08:00","RUN","1000000","2500","2064459","2064459","2064458","1","0","0","0","0","0","0","0","0","0","0","0","0","0","1722","889","0"
"2026-10-05T13:00:39.3033002+08:00","RUN","1000000","2500","2066777","2066776","2066776","1","0","0","0","0","0","0","0","0","0","0","0","0","0","1722","890","0"
"2026-10-05T13:00:40.2846451+08:00","RUN","1000000","2500","2069095","2069094","2069094","1","0","0","0","0","0","0","0","0","0","0","0","0","0","1722","891","0"
"2026-10-05T13:00:41.3009769+08:00","RUN","1000000","2500","2071414","2071414","2071413","1","0","0","0","0","0","0","0","0","0","0","0","0","0","1722","892","0"
"2026-10-05T13:00:42.2845130+08:00","RUN","1000000","2500","2073732","2073732","2073731","1","0","0","0","0","0","0","0","0","0","0","0","0","0","1722","893","0"
"2026-10-05T13:00:43.2819465+08:00","RUN","1000000","2500","2076051","2076050","2076050","1","0","0","0","0","0","0","0","0","0","0","0","0","0","1722","894","0"
"2026-10-05T13:00:44.2999881+08:00","RUN","1000000","2500","2078370","2078369","2078369","1","0","0","0","0","0","0","0","0","0","0","0","0","0","1722","895","0"
"2026-10-05T13:00:45.2872443+08:00","RUN","1000000","2500","2080689","2080688","2080688","1","0","0","0","0","0","0","0","0","0","0","0","0","0","1722","896","0"
"2026-10-05T13:00:46.2836030+08:00","RUN","1000000","2500","2083007","2083007","2083006","1","0","0","0","0","0","0","0","0","0","0","0","0","0","1722","897","0"
"2026-10-05T13:00:47.2692511+08:00","RUN","1000000","2500","2085326","2085325","2085325","1","0","0","0","0","0","0","0","0","0","0","0","0","0","1722","898","0"
"2026-10-05T13:00:48.2837552+08:00","RUN","1000000","2500","2087644","2087643","2087643","1","0","0","0","0","0","0","0","0","0","0","0","0","0","1722","899","0"
"2026-10-05T13:00:49.2711247+08:00","RUN","1000000","2500","2089962","2089962","2089961","1","0","0","0","0","0","0","0","0","0","0","0","0","0","1722","900","0"
"2026-10-05T13:00:50.2902414+08:00","RUN","1000000","2500","2092281","2092280","2092280","1","0","0","0","0","0","0","0","0","0","0","0","0","0","1722","901","0"
"2026-10-05T13:00:51.2853590+08:00","RUN","1000000","2500","2094599","2094598","2094598","1","0","0","0","0","0","0","0","0","0","0","0","0","0","1722","902","0"
"2026-10-05T13:00:52.2742421+08:00","RUN","1000000","2500","2096916","2096915","2096915","1","0","0","0","0","0","0","0","0","0","0","0","0","0","1722","903","0"
"2026-10-05T13:00:53.2879272+08:00","RUN","1000000","2500","2099233","2099232","2099232","1","0","0","0","0","0","0","0","0","0","0","0","0","0","1722","904","0"
"2026-10-05T13:00:54.2741502+08:00","RUN","1000000","2500","2101552","2101551","2101551","1","0","0","0","0","0","0","0","0","0","0","0","0","0","1722","905","0"
"2026-10-05T13:00:55.2598329+08:00","RUN","1000000","2500","2103871","2103870","2103870","1","0","0","0","0","0","0","0","0","0","0","0","0","0","1722","906","0"
"2026-10-05T13:00:56.2897638+08:00","RUN","1000000","2500","2106189","2106188","2106188","1","0","0","0","0","0","0","0","0","0","0","0","0","0","1722","907","0"
"2026-10-05T13:00:57.2701019+08:00","RUN","1000000","2500","2108508","2108508","2108507","1","0","0","0","0","0","0","0","0","0","0","0","0","0","1722","908","0"
"2026-10-05T13:00:58.2735354+08:00","RUN","1000000","2500","2110827","2110826","2110826","1","0","0","0","0","0","0","0","0","0","0","0","0","0","1722","909","0"
"2026-10-05T13:00:59.2438780+08:00","RUN","1000000","2500","2113145","2113144","2113144","1","0","0","0","0","0","0","0","0","0","0","0","0","0","1722","910","0"
"2026-10-05T13:01:00.2730858+08:00","RUN","1000000","2500","2115462","2115461","2115461","1","0","0","0","0","0","0","0","0","0","0","0","0","0","1722","911","0"
"2026-10-05T13:01:01.2486455+08:00","RUN","1000000","2500","2117781","2117780","2117780","1","0","0","0","0","0","0","0","0","0","0","0","0","0","1722","912","0"
"2026-10-05T13:01:02.2731174+08:00","RUN","1000000","2500","2120100","2120099","2120099","1","0","0","0","0","0","0","0","0","0","0","0","0","0","1722","913","0"
"2026-10-05T13:01:03.2650053+08:00","RUN","1000000","2500","2122418","2122417","2122417","1","0","0","0","0","0","0","0","0","0","0","0","0","0","1722","914","0"
"2026-10-05T13:01:04.2428461+08:00","RUN","1000000","2500","2124736","2124736","2124735","1","0","0","0","0","0","0","0","0","0","0","0","0","0","1722","915","0"
"2026-10-05T13:01:05.2387011+08:00","RUN","1000000","2500","2127054","2127053","2127053","1","0","0","0","0","0","0","0","0","0","0","0","0","0","1722","916","0"
"2026-10-05T13:01:06.2284900+08:00","RUN","1000000","2500","2129373","2129372","2129372","1","0","0","0","0","0","0","0","0","0","0","0","0","0","1722","917","0"
"2026-10-05T13:01:07.2544239+08:00","RUN","1000000","2500","2131690","2131689","2131689","1","0","0","0","0","0","0","0","0","0","0","0","0","0","1722","918","0"
"2026-10-05T13:01:08.2351379+08:00","RUN","1000000","2500","2134008","2134008","2134007","1","0","0","0","0","0","0","0","0","0","0","0","0","0","1722","919","0"
"2026-10-05T13:01:09.2244656+08:00","RUN","1000000","2500","2136326","2136326","2136325","1","0","0","0","0","0","0","0","0","0","0","0","0","0","1722","920","0"
"2026-10-05T13:01:10.2491127+08:00","RUN","1000000","2500","2138645","2138644","2138644","1","0","0","0","0","0","0","0","0","0","0","0","0","0","1722","921","0"
"2026-10-05T13:01:11.2223645+08:00","RUN","1000000","2500","2140964","2140963","2140963","1","0","0","0","0","0","0","0","0","0","0","0","0","0","1722","922","0"
"2026-10-05T13:01:12.2487062+08:00","RUN","1000000","2500","2143283","2143282","2143282","1","0","0","0","0","0","0","0","0","0","0","0","0","0","1722","923","0"
"2026-10-05T13:01:13.2212628+08:00","RUN","1000000","2500","2145602","2145601","2145601","1","0","0","0","0","0","0","0","0","0","0","0","0","0","1722","924","0"
"2026-10-05T13:01:14.2171557+08:00","RUN","1000000","2500","2147920","2147919","2147919","1","0","0","0","0","0","0","0","0","0","0","0","0","0","1722","925","0"
"2026-10-05T13:01:15.2263322+08:00","RUN","1000000","2500","2150239","2150238","2150238","1","0","0","0","0","0","0","0","0","0","0","0","0","0","1722","926","0"
"2026-10-05T13:01:16.2142535+08:00","RUN","1000000","2500","2152558","2152557","2152557","1","0","0","0","0","0","0","0","0","0","0","0","0","0","1722","927","0"
"2026-10-05T13:01:17.2210864+08:00","RUN","1000000","2500","2154877","2154876","2154876","1","0","0","0","0","0","0","0","0","0","0","0","0","0","1722","928","0"
"2026-10-05T13:01:18.2203244+08:00","RUN","1000000","2500","2157195","2157195","2157194","1","0","0","0","0","0","0","0","0","0","0","0","0","0","1722","929","0"
"2026-10-05T13:01:19.2293172+08:00","RUN","1000000","2500","2159513","2159512","2159512","1","0","0","0","0","0","0","0","0","0","0","0","0","0","1722","930","0"
"2026-10-05T13:01:20.2050037+08:00","RUN","1000000","2500","2161830","2161829","2161829","1","0","0","0","0","0","0","0","0","0","0","0","0","0","1722","931","0"
"2026-10-05T13:01:21.2109905+08:00","RUN","1000000","2500","2164149","2164148","2164148","1","0","0","0","0","0","0","0","0","0","0","0","0","0","1722","932","0"
"2026-10-05T13:01:22.2200399+08:00","RUN","1000000","2500","2166472","2166472","2166471","1","0","0","0","0","0","0","0","0","0","0","0","0","0","1722","933","0"
"2026-10-05T13:01:23.2018669+08:00","RUN","1000000","2500","2168795","2168794","2168794","1","0","0","0","0","0","0","0","0","0","0","0","0","0","1722","934","0"
"2026-10-05T13:01:24.1999016+08:00","RUN","1000000","2500","2171117","2171117","2171116","1","0","0","0","0","0","0","0","0","0","0","0","0","0","1722","935","0"
"2026-10-05T13:01:25.1951768+08:00","RUN","1000000","2500","2173441","2173440","2173440","1","0","0","0","0","0","0","0","0","0","0","0","0","0","1722","936","0"
"2026-10-05T13:01:26.1863761+08:00","RUN","1000000","2500","2175765","2175764","2175764","1","0","0","0","0","0","0","0","0","0","0","0","0","0","1722","937","0"
"2026-10-05T13:01:27.1950377+08:00","RUN","1000000","2500","2178088","2178088","2178087","1","0","0","0","0","0","0","0","0","0","0","0","0","0","1722","938","0"
"2026-10-05T13:01:28.2098660+08:00","RUN","1000000","2500","2180409","2180408","2180408","1","0","0","0","0","0","0","0","0","0","0","0","0","0","1722","939","0"
"2026-10-05T13:01:29.1853797+08:00","RUN","1000000","2500","2182732","2182731","2182731","1","0","0","0","0","0","0","0","0","0","0","0","0","0","1722","940","0"
"2026-10-05T13:01:30.1902404+08:00","RUN","1000000","2500","2185056","2185055","2185055","1","0","0","0","0","0","0","0","0","0","0","0","0","0","1722","941","0"
"2026-10-05T13:01:31.1841370+08:00","RUN","1000000","2500","2187378","2187377","2187377","1","0","0","0","0","0","0","0","0","0","0","0","0","0","1722","942","0"
"2026-10-05T13:01:32.1847424+08:00","RUN","1000000","2500","2189701","2189701","2189700","1","0","0","0","0","0","0","0","0","0","0","0","0","0","1722","943","0"
"2026-10-05T13:01:33.1844594+08:00","RUN","1000000","2500","2192024","2192024","2192023","1","0","0","0","0","0","0","0","0","0","0","0","0","0","1722","944","0"
"2026-10-05T13:01:34.1900683+08:00","RUN","1000000","2500","2194348","2194347","2194347","1","0","0","0","0","0","0","0","0","0","0","0","0","0","1722","945","0"
"2026-10-05T13:01:35.2035250+08:00","RUN","1000000","2500","2196668","2196667","2196667","1","0","0","0","0","0","0","0","0","0","0","0","0","0","1722","946","0"
"2026-10-05T13:01:36.1681624+08:00","RUN","1000000","2500","2198991","2198990","2198990","1","0","0","0","0","0","0","0","0","0","0","0","0","0","1722","947","0"
"2026-10-05T13:01:37.1831848+08:00","RUN","1000000","2500","2201313","2201312","2201312","1","0","0","0","0","0","0","0","0","0","0","0","0","0","1722","948","0"
"2026-10-05T13:01:38.1832415+08:00","RUN","1000000","2500","2203637","2203636","2203636","1","0","0","0","0","0","0","0","0","0","0","0","0","0","1722","949","0"
"2026-10-05T13:01:39.1749674+08:00","RUN","1000000","2500","2205959","2205958","2205958","1","0","0","0","0","0","0","0","0","0","0","0","0","0","1722","950","0"
"2026-10-05T13:01:40.1607440+08:00","RUN","1000000","2500","2208281","2208280","2208280","1","0","0","0","0","0","0","0","0","0","0","0","0","0","1722","951","0"
"2026-10-05T13:01:41.1618629+08:00","RUN","1000000","2500","2210603","2210603","2210602","1","0","0","0","0","0","0","0","0","0","0","0","0","0","1722","952","0"
"2026-10-05T13:01:42.1699373+08:00","RUN","1000000","2500","2212925","2212924","2212924","1","0","0","0","0","0","0","0","0","0","0","0","0","0","1722","953","0"
"2026-10-05T13:01:43.1769457+08:00","RUN","1000000","2500","2215246","2215245","2215245","1","0","0","0","0","0","0","0","0","0","0","0","0","0","1722","954","0"
"2026-10-05T13:01:44.1495795+08:00","RUN","1000000","2500","2217569","2217568","2217568","1","0","0","0","0","0","0","0","0","0","0","0","0","0","1722","955","0"
"2026-10-05T13:01:45.1707447+08:00","RUN","1000000","2500","2219892","2219891","2219891","1","0","0","0","0","0","0","0","0","0","0","0","0","0","1722","956","0"
"2026-10-05T13:01:46.1563295+08:00","RUN","1000000","2500","2222215","2222214","2222214","1","0","0","0","0","0","0","0","0","0","0","0","0","0","1722","957","0"
"2026-10-05T13:01:47.1638831+08:00","RUN","1000000","2500","2224538","2224537","2224537","1","0","0","0","0","0","0","0","0","0","0","0","0","0","1722","958","0"
"2026-10-05T13:01:48.1409426+08:00","RUN","1000000","2500","2226857","2226856","2226856","1","0","0","0","0","0","0","0","0","0","0","0","0","0","1722","959","0"
"2026-10-05T13:01:49.1385136+08:00","RUN","1000000","2500","2229176","2229175","2229175","1","0","0","0","0","0","0","0","0","0","0","0","0","0","1722","960","0"
"2026-10-05T13:01:50.1524801+08:00","RUN","1000000","2500","2231494","2231494","2231493","1","0","0","0","0","0","0","0","0","0","0","0","0","0","1722","961","0"
"2026-10-05T13:01:51.1524920+08:00","RUN","1000000","2500","2233816","2233815","2233815","1","0","0","0","0","0","0","0","0","0","0","0","0","0","1722","962","0"
"2026-10-05T13:01:52.1542164+08:00","RUN","1000000","2500","2236140","2236139","2236139","1","0","0","0","0","0","0","0","0","0","0","0","0","0","1722","963","0"
"2026-10-05T13:01:53.1356307+08:00","RUN","1000000","2500","2238463","2238462","2238462","1","0","0","0","0","0","0","0","0","0","0","0","0","0","1722","964","0"
"2026-10-05T13:01:54.1530779+08:00","RUN","1000000","2500","2240787","2240786","2240786","1","0","0","0","0","0","0","0","0","0","0","0","0","0","1722","965","0"
"2026-10-05T13:01:55.1543493+08:00","RUN","1000000","2500","2243111","2243110","2243110","1","0","0","0","0","0","0","0","0","0","0","0","0","0","1722","966","0"
"2026-10-05T13:01:56.1220655+08:00","RUN","1000000","2500","2245433","2245432","2245432","1","0","0","0","0","0","0","0","0","0","0","0","0","0","1722","967","0"
"2026-10-05T13:01:57.1557913+08:00","RUN","1000000","2500","2247757","2247756","2247756","1","0","0","0","0","0","0","0","0","0","0","0","0","0","1722","968","0"
"2026-10-05T13:01:58.1459938+08:00","RUN","1000000","2500","2250081","2250080","2250080","1","0","0","0","0","0","0","0","0","0","0","0","0","0","1722","969","0"
"2026-10-05T13:01:59.1323610+08:00","RUN","1000000","2500","2252403","2252403","2252402","1","0","0","0","0","0","0","0","0","0","0","0","0","0","1722","970","0"
"2026-10-05T13:02:00.1392228+08:00","RUN","1000000","2500","2254724","2254724","2254723","1","0","0","0","0","0","0","0","0","0","0","0","0","0","1722","971","0"
"2026-10-05T13:02:01.1152210+08:00","RUN","1000000","2500","2257047","2257046","2257046","1","0","0","0","0","0","0","0","0","0","0","0","0","0","1722","972","0"
"2026-10-05T13:02:02.1481587+08:00","RUN","1000000","2500","2259370","2259370","2259369","1","0","0","0","0","0","0","0","0","0","0","0","0","0","1722","973","0"
"2026-10-05T13:02:03.1127313+08:00","RUN","1000000","2500","2261690","2261690","2261689","1","0","0","0","0","0","0","0","0","0","0","0","0","0","1722","974","0"
"2026-10-05T13:02:04.1192257+08:00","RUN","1000000","2500","2264012","2264011","2264011","1","0","0","0","0","0","0","0","0","0","0","0","0","0","1722","975","0"
"2026-10-05T13:02:05.1322736+08:00","RUN","1000000","2500","2266335","2266334","2266334","1","0","0","0","0","0","0","0","0","0","0","0","0","0","1722","976","0"
"2026-10-05T13:02:06.1119494+08:00","RUN","1000000","2500","2268660","2268659","2268659","1","0","0","0","0","0","0","0","0","0","0","0","0","0","1722","977","0"
"2026-10-05T13:02:07.1059194+08:00","RUN","1000000","2500","2270984","2270983","2270983","1","0","0","0","0","0","0","0","0","0","0","0","0","0","1722","978","0"
"2026-10-05T13:02:08.0977601+08:00","RUN","1000000","2500","2273308","2273307","2273307","1","0","0","0","0","0","0","0","0","0","0","0","0","0","1722","979","0"
"2026-10-05T13:02:09.1041826+08:00","RUN","1000000","2500","2275631","2275630","2275630","1","0","0","0","0","0","0","0","0","0","0","0","0","0","1722","980","0"
"2026-10-05T13:02:10.1138204+08:00","RUN","1000000","2500","2277952","2277951","2277951","1","0","0","0","0","0","0","0","0","0","0","0","0","0","1722","981","0"
"2026-10-05T13:02:11.1126841+08:00","RUN","1000000","2500","2280275","2280275","2280274","1","0","0","0","0","0","0","0","0","0","0","0","0","0","1722","982","0"
"2026-10-05T13:02:12.1037940+08:00","RUN","1000000","2500","2282598","2282597","2282597","1","0","0","0","0","0","0","0","0","0","0","0","0","0","1722","983","0"
"2026-10-05T13:02:13.0933828+08:00","RUN","1000000","2500","2284920","2284919","2284919","1","0","0","0","0","0","0","0","0","0","0","0","0","0","1722","984","0"
"2026-10-05T13:02:14.0871920+08:00","RUN","1000000","2500","2287242","2287242","2287241","1","0","0","0","0","0","0","0","0","0","0","0","0","0","1722","985","0"
"2026-10-05T13:02:15.0801898+08:00","RUN","1000000","2500","2289567","2289567","2289566","1","0","0","0","0","0","0","0","0","0","0","0","0","0","1722","986","0"
"2026-10-05T13:02:16.0961016+08:00","RUN","1000000","2500","2291891","2291890","2291890","1","0","0","0","0","0","0","0","0","0","0","0","0","0","1722","987","0"
"2026-10-05T13:02:17.0959045+08:00","RUN","1000000","2500","2294210","2294209","2294209","1","0","0","0","0","0","0","0","0","0","0","0","0","0","1722","988","0"
"2026-10-05T13:02:18.0799605+08:00","RUN","1000000","2500","2296530","2296529","2296529","1","0","0","0","0","0","0","0","0","0","0","0","0","0","1722","989","0"
"2026-10-05T13:02:19.0868186+08:00","RUN","1000000","2500","2298853","2298852","2298852","1","0","0","0","0","0","0","0","0","0","0","0","0","0","1722","990","0"
"2026-10-05T13:02:20.1031016+08:00","RUN","1000000","2500","2301175","2301175","2301174","1","0","0","0","0","0","0","0","0","0","0","0","0","0","1722","991","0"
"2026-10-05T13:02:21.0712642+08:00","RUN","1000000","2500","2303499","2303498","2303498","1","0","0","0","0","0","0","0","0","0","0","0","0","0","1722","992","0"
"2026-10-05T13:02:22.0891320+08:00","RUN","1000000","2500","2305822","2305821","2305821","1","0","0","0","0","0","0","0","0","0","0","0","0","0","1722","993","0"
"2026-10-05T13:02:23.0639695+08:00","RUN","1000000","2500","2308144","2308143","2308143","1","0","0","0","0","0","0","0","0","0","0","0","0","0","1722","994","0"
"2026-10-05T13:02:24.0863777+08:00","RUN","1000000","2500","2310465","2310465","2310464","1","0","0","0","0","0","0","0","0","0","0","0","0","0","1722","995","0"
"2026-10-05T13:02:25.0942053+08:00","RUN","1000000","2500","2312788","2312788","2312787","1","0","0","0","0","0","0","0","0","0","0","0","0","0","1722","996","0"
"2026-10-05T13:02:26.0850233+08:00","RUN","1000000","2500","2315109","2315108","2315108","1","0","0","0","0","0","0","0","0","0","0","0","0","0","1722","997","0"
"2026-10-05T13:02:27.0866351+08:00","RUN","1000000","2500","2317432","2317431","2317431","1","0","0","0","0","0","0","0","0","0","0","0","0","0","1722","998","0"
"2026-10-05T13:02:28.0707781+08:00","RUN","1000000","2500","2319755","2319755","2319754","1","0","0","0","0","0","0","0","0","0","0","0","0","0","1722","999","0"
"2026-10-05T13:02:29.0634173+08:00","RUN","1000000","2500","2322077","2322077","2322076","1","0","0","0","0","0","0","0","0","0","0","0","0","0","1722","1000","0"
"2026-10-05T13:02:30.0566236+08:00","RUN","1000000","2500","2324400","2324399","2324399","1","0","0","0","0","0","0","0","0","0","0","0","0","0","1722","1001","0"
"2026-10-05T13:02:31.0507184+08:00","RUN","1000000","2500","2326721","2326720","2326720","1","0","0","0","0","0","0","0","0","0","0","0","0","0","1722","1002","0"
"2026-10-05T13:02:32.0703017+08:00","RUN","1000000","2500","2329042","2329042","2329041","1","0","0","0","0","0","0","0","0","0","0","0","0","0","1722","1003","0"
"2026-10-05T13:02:33.0635023+08:00","RUN","1000000","2500","2331365","2331365","2331364","1","0","0","0","0","0","0","0","0","0","0","0","0","0","1722","1004","0"
"2026-10-05T13:02:34.0629260+08:00","RUN","1000000","2500","2333689","2333688","2333688","1","0","0","0","0","0","0","0","0","0","0","0","0","0","1722","1005","0"
"2026-10-05T13:02:35.0628412+08:00","RUN","1000000","2500","2336011","2336011","2336010","1","0","0","0","0","0","0","0","0","0","0","0","0","0","1722","1006","0"
"2026-10-05T13:02:36.0498312+08:00","RUN","1000000","2500","2338333","2338333","2338332","1","0","0","0","0","0","0","0","0","0","0","0","0","0","1722","1007","0"
"2026-10-05T13:02:37.0855240+08:00","RUN","1000000","2500","2340655","2340655","2340654","1","0","0","0","0","0","0","0","0","0","0","0","0","0","1722","1008","0"
"2026-10-05T13:02:38.0412083+08:00","RUN","1000000","2500","2342977","2342976","2342976","1","0","0","0","0","0","0","0","0","0","0","0","0","0","1722","1009","0"
"2026-10-05T13:02:39.0341346+08:00","RUN","1000000","2500","2345299","2345298","2345298","1","0","0","0","0","0","0","0","0","0","0","0","0","0","1722","1010","0"
"2026-10-05T13:02:40.0493360+08:00","RUN","1000000","2500","2347622","2347621","2347621","1","0","0","0","0","0","0","0","0","0","0","0","0","0","1722","1011","0"
"2026-10-05T13:02:41.0264923+08:00","RUN","1000000","2500","2349944","2349944","2349943","1","0","0","0","0","0","0","0","0","0","0","0","0","0","1722","1012","0"
"2026-10-05T13:02:42.0485952+08:00","RUN","1000000","2500","2352264","2352263","2352263","1","0","0","0","0","0","0","0","0","0","0","0","0","0","1722","1013","0"
"2026-10-05T13:02:43.0489838+08:00","RUN","1000000","2500","2354584","2354583","2354583","1","0","0","0","0","0","0","0","0","0","0","0","0","0","1722","1014","0"
"2026-10-05T13:02:44.0551647+08:00","RUN","1000000","2500","2356902","2356901","2356901","1","0","0","0","0","0","0","0","0","0","0","0","0","0","1722","1015","0"
"2026-10-05T13:02:45.0541521+08:00","RUN","1000000","2500","2359221","2359220","2359220","1","0","0","0","0","0","0","0","0","0","0","0","0","0","1722","1016","0"
"2026-10-05T13:02:46.0331960+08:00","RUN","1000000","2500","2361539","2361538","2361538","1","0","0","0","0","0","0","0","0","0","0","0","0","0","1722","1017","0"
"2026-10-05T13:02:47.0258192+08:00","RUN","1000000","2500","2363858","2363857","2363857","1","0","0","0","0","0","0","0","0","0","0","0","0","0","1722","1018","0"
"2026-10-05T13:02:48.0202263+08:00","RUN","1000000","2500","2366177","2366177","2366176","1","0","0","0","0","0","0","0","0","0","0","0","0","0","1722","1019","0"
"2026-10-05T13:02:49.0397524+08:00","RUN","1000000","2500","2368498","2368497","2368497","1","0","0","0","0","0","0","0","0","0","0","0","0","0","1722","1020","0"
"2026-10-05T13:02:50.0204283+08:00","RUN","1000000","2500","2370819","2370818","2370818","1","0","0","0","0","0","0","0","0","0","0","0","0","0","1722","1021","0"
"2026-10-05T13:02:51.0195507+08:00","RUN","1000000","2500","2373141","2373141","2373140","1","0","0","0","0","0","0","0","0","0","0","0","0","0","1722","1022","0"
"2026-10-05T13:02:52.0393561+08:00","RUN","1000000","2500","2375464","2375463","2375463","1","0","0","0","0","0","0","0","0","0","0","0","0","0","1722","1023","0"
"2026-10-05T13:02:53.0266766+08:00","RUN","1000000","2500","2377786","2377785","2377785","1","0","0","0","0","0","0","0","0","0","0","0","0","0","1722","1024","0"
"2026-10-05T13:02:54.0323309+08:00","RUN","1000000","2500","2380108","2380107","2380107","1","0","0","0","0","0","0","0","0","0","0","0","0","0","1722","1025","0"
"2026-10-05T13:02:55.0039364+08:00","RUN","1000000","2500","2382432","2382432","2382431","1","0","0","0","0","0","0","0","0","0","0","0","0","0","1722","1026","0"
"2026-10-05T13:02:56.0182951+08:00","RUN","1000000","2500","2384755","2384754","2384754","1","0","0","0","0","0","0","0","0","0","0","0","0","0","1722","1027","0"
"2026-10-05T13:02:56.9994447+08:00","RUN","1000000","2500","2387079","2387078","2387078","1","0","0","0","0","0","0","0","0","0","0","0","0","0","1722","1028","0"
"2026-10-05T13:02:58.0231437+08:00","RUN","1000000","2500","2389402","2389401","2389401","1","0","0","0","0","0","0","0","0","0","0","0","0","0","1722","1029","0"
"2026-10-05T13:02:59.0103897+08:00","RUN","1000000","2500","2391724","2391723","2391723","1","0","0","0","0","0","0","0","0","0","0","0","0","0","1722","1030","0"
"2026-10-05T13:02:59.9998362+08:00","RUN","1000000","2500","2394044","2394043","2394043","1","0","0","0","0","0","0","0","0","0","0","0","0","0","1722","1031","0"
"2026-10-05T13:03:01.0080347+08:00","RUN","1000000","2500","2396366","2396365","2396365","1","0","0","0","0","0","0","0","0","0","0","0","0","0","1722","1032","0"
"2026-10-05T13:03:01.9911515+08:00","RUN","1000000","2500","2398689","2398688","2398688","1","0","0","0","0","0","0","0","0","0","0","0","0","0","1722","1033","0"
"2026-10-05T13:03:03.0075568+08:00","RUN","1000000","2500","2401011","2401010","2401010","1","0","0","0","0","0","0","0","0","0","0","0","0","0","1722","1034","0"
"2026-10-05T13:03:03.9968609+08:00","RUN","1000000","2500","2403335","2403335","2403334","1","0","0","0","0","0","0","0","0","0","0","0","0","0","1722","1035","0"
"2026-10-05T13:03:04.9864593+08:00","RUN","1000000","2500","2405658","2405657","2405657","1","0","0","0","0","0","0","0","0","0","0","0","0","0","1722","1036","0"
"2026-10-05T13:03:06.0061545+08:00","RUN","1000000","2500","2407980","2407979","2407979","1","0","0","0","0","0","0","0","0","0","0","0","0","0","1722","1037","0"
"2026-10-05T13:03:06.9938111+08:00","RUN","1000000","2500","2410302","2410302","2410301","1","0","0","0","0","0","0","0","0","0","0","0","0","0","1722","1038","0"
"2026-10-05T13:03:07.9815802+08:00","RUN","1000000","2500","2412625","2412624","2412624","1","0","0","0","0","0","0","0","0","0","0","0","0","0","1722","1039","0"
"2026-10-05T13:03:08.9891696+08:00","RUN","1000000","2500","2414948","2414947","2414947","1","0","0","0","0","0","0","0","0","0","0","0","0","0","1722","1040","0"
"2026-10-05T13:03:09.9726576+08:00","RUN","1000000","2500","2417272","2417271","2417271","1","0","0","0","0","0","0","0","0","0","0","0","0","0","1722","1041","0"
"2026-10-05T13:03:10.9719691+08:00","RUN","1000000","2500","2419597","2419596","2419596","1","0","0","0","0","0","0","0","0","0","0","0","0","0","1722","1042","0"
"2026-10-05T13:03:11.9946122+08:00","RUN","1000000","2500","2421921","2421920","2421920","1","0","0","0","0","0","0","0","0","0","0","0","0","0","1722","1043","0"
"2026-10-05T13:03:13.0031311+08:00","RUN","1000000","2500","2424242","2424242","2424241","1","0","0","0","0","0","0","0","0","0","0","0","0","0","1722","1044","0"
"2026-10-05T13:03:13.9829305+08:00","RUN","1000000","2500","2426562","2426561","2426561","1","0","0","0","0","0","0","0","0","0","0","0","0","0","1722","1045","0"
"2026-10-05T13:03:14.9914261+08:00","RUN","1000000","2500","2428885","2428884","2428884","1","0","0","0","0","0","0","0","0","0","0","0","0","0","1722","1046","0"
"2026-10-05T13:03:15.9741635+08:00","RUN","1000000","2500","2431208","2431207","2431207","1","0","0","0","0","0","0","0","0","0","0","0","0","0","1722","1047","0"
"2026-10-05T13:03:16.9737051+08:00","RUN","1000000","2500","2433529","2433529","2433528","1","0","0","0","0","0","0","0","0","0","0","0","0","0","1722","1048","0"
"2026-10-05T13:03:17.9628799+08:00","RUN","1000000","2500","2435853","2435852","2435852","1","0","0","0","0","0","0","0","0","0","0","0","0","0","1722","1049","0"
"2026-10-05T13:03:18.9560735+08:00","RUN","1000000","2500","2438177","2438176","2438176","1","0","0","0","0","0","0","0","0","0","0","0","0","0","1722","1050","0"
"2026-10-05T13:03:19.9529852+08:00","RUN","1000000","2500","2440501","2440500","2440500","1","0","0","0","0","0","0","0","0","0","0","0","0","0","1722","1051","0"
"2026-10-05T13:03:20.9524125+08:00","RUN","1000000","2500","2442822","2442821","2442821","1","0","0","0","0","0","0","0","0","0","0","0","0","0","1722","1052","0"
"2026-10-05T13:03:21.9534283+08:00","RUN","1000000","2500","2445146","2445146","2445145","1","0","0","0","0","0","0","0","0","0","0","0","0","0","1722","1053","0"
"2026-10-05T13:03:22.9722150+08:00","RUN","1000000","2500","2447467","2447466","2447466","1","0","0","0","0","0","0","0","0","0","0","0","0","0","1722","1054","0"
"2026-10-05T13:03:23.9650976+08:00","RUN","1000000","2500","2449790","2449789","2449789","1","0","0","0","0","0","0","0","0","0","0","0","0","0","1722","1055","0"
"2026-10-05T13:03:24.9557156+08:00","RUN","1000000","2500","2452113","2452112","2452112","1","0","0","0","0","0","0","0","0","0","0","0","0","0","1722","1056","0"
"2026-10-05T13:03:25.9555952+08:00","RUN","1000000","2500","2454437","2454436","2454436","1","0","0","0","0","0","0","0","0","0","0","0","0","0","1722","1057","0"
"2026-10-05T13:03:26.9606660+08:00","RUN","1000000","2500","2456760","2456760","2456759","1","0","0","0","0","0","0","0","0","0","0","0","0","0","1722","1058","0"
"2026-10-05T13:03:27.9353033+08:00","RUN","1000000","2500","2459079","2459078","2459078","1","0","0","0","0","0","0","0","0","0","0","0","0","0","1722","1059","0"
"2026-10-05T13:03:28.9577197+08:00","RUN","1000000","2500","2461403","2461402","2461402","1","0","0","0","0","0","0","0","0","0","0","0","0","0","1722","1060","0"
"2026-10-05T13:03:29.9433621+08:00","RUN","1000000","2500","2463726","2463726","2463725","1","0","0","0","0","0","0","0","0","0","0","0","0","0","1722","1061","0"
"2026-10-05T13:03:30.9343181+08:00","RUN","1000000","2500","2466049","2466048","2466048","1","0","0","0","0","0","0","0","0","0","0","0","0","0","1722","1062","0"
"2026-10-05T13:03:31.9231741+08:00","RUN","1000000","2500","2468373","2468372","2468372","1","0","0","0","0","0","0","0","0","0","0","0","0","0","1722","1063","0"
"2026-10-05T13:03:32.9408464+08:00","RUN","1000000","2500","2470696","2470696","2470695","1","0","0","0","0","0","0","0","0","0","0","0","0","0","1722","1064","0"
"2026-10-05T13:03:33.9237331+08:00","RUN","1000000","2500","2473020","2473019","2473019","1","0","0","0","0","0","0","0","0","0","0","0","0","0","1722","1065","0"
"2026-10-05T13:03:34.9423928+08:00","RUN","1000000","2500","2475342","2475341","2475341","1","0","0","0","0","0","0","0","0","0","0","0","0","0","1722","1066","0"
"2026-10-05T13:03:35.9454600+08:00","RUN","1000000","2500","2477665","2477664","2477664","1","0","0","0","0","0","0","0","0","0","0","0","0","0","1722","1067","0"
"2026-10-05T13:03:36.9257600+08:00","RUN","1000000","2500","2479989","2479989","2479988","1","0","0","0","0","0","0","0","0","0","0","0","0","0","1722","1068","0"
"2026-10-05T13:03:37.9221195+08:00","RUN","1000000","2500","2482312","2482311","2482311","1","0","0","0","0","0","0","0","0","0","0","0","0","0","1722","1069","0"
"2026-10-05T13:03:38.9196076+08:00","RUN","1000000","2500","2484634","2484633","2484633","1","0","0","0","0","0","0","0","0","0","0","0","0","0","1722","1070","0"
"2026-10-05T13:03:39.9125499+08:00","RUN","1000000","2500","2486955","2486954","2486954","1","0","0","0","0","0","0","0","0","0","0","0","0","0","1722","1071","0"
"2026-10-05T13:03:40.9328599+08:00","RUN","1000000","2500","2489273","2489272","2489272","1","0","0","0","0","0","0","0","0","0","0","0","0","0","1722","1072","0"
"2026-10-05T13:03:41.9075753+08:00","RUN","1000000","2500","2491592","2491591","2491591","1","0","0","0","0","0","0","0","0","0","0","0","0","0","1722","1073","0"
"2026-10-05T13:03:42.9301818+08:00","RUN","1000000","2500","2493911","2493911","2493910","1","0","0","0","0","0","0","0","0","0","0","0","0","0","1722","1074","0"
"2026-10-05T13:03:43.9050616+08:00","RUN","1000000","2500","2496234","2496233","2496233","1","0","0","0","0","0","0","0","0","0","0","0","0","0","1722","1075","0"
"2026-10-05T13:03:44.9116118+08:00","RUN","1000000","2500","2498558","2498558","2498557","1","0","0","0","0","0","0","0","0","0","0","0","0","0","1722","1076","0"
"2026-10-05T13:03:45.9055108+08:00","RUN","1000000","2500","2500881","2500880","2500880","1","0","0","0","0","0","0","0","0","0","0","0","0","0","1722","1077","0"
"2026-10-05T13:03:46.9131897+08:00","RUN","1000000","2500","2503205","2503204","2503204","1","0","0","0","0","0","0","0","0","0","0","0","0","0","1722","1078","0"
"2026-10-05T13:03:47.9035253+08:00","RUN","1000000","2500","2505528","2505527","2505527","1","0","0","0","0","0","0","0","0","0","0","0","0","0","1722","1079","0"
"2026-10-05T13:03:48.8916337+08:00","RUN","1000000","2500","2507849","2507848","2507848","1","0","0","0","0","0","0","0","0","0","0","0","0","0","1722","1080","0"
"2026-10-05T13:03:49.9142710+08:00","RUN","1000000","2500","2510172","2510172","2510171","1","0","0","0","0","0","0","0","0","0","0","0","0","0","1722","1081","0"
"2026-10-05T13:03:50.9057241+08:00","RUN","1000000","2500","2512495","2512495","2512494","1","0","0","0","0","0","0","0","0","0","0","0","0","0","1722","1082","0"
"2026-10-05T13:03:51.8860315+08:00","RUN","1000000","2500","2514817","2514816","2514816","1","0","0","0","0","0","0","0","0","0","0","0","0","0","1722","1083","0"
"2026-10-05T13:03:52.9215923+08:00","RUN","1000000","2500","2517140","2517140","2517139","1","0","0","0","0","0","0","0","0","0","0","0","0","0","1722","1084","0"
"2026-10-05T13:03:53.9031893+08:00","RUN","1000000","2500","2519464","2519463","2519463","1","0","0","0","0","0","0","0","0","0","0","0","0","0","1722","1085","0"
"2026-10-05T13:03:54.8875518+08:00","RUN","1000000","2500","2521786","2521786","2521785","1","0","0","0","0","0","0","0","0","0","0","0","0","0","1722","1086","0"
"2026-10-05T13:03:55.8765119+08:00","RUN","1000000","2500","2524107","2524107","2524106","1","0","0","0","0","0","0","0","0","0","0","0","0","0","1722","1087","0"
"2026-10-05T13:03:56.8719145+08:00","RUN","1000000","2500","2526430","2526429","2526429","1","0","0","0","0","0","0","0","0","0","0","0","0","0","1722","1088","0"
"2026-10-05T13:03:57.8822481+08:00","RUN","1000000","2500","2528753","2528752","2528752","1","0","0","0","0","0","0","0","0","0","0","0","0","0","1722","1089","0"
"2026-10-05T13:03:58.8724304+08:00","RUN","1000000","2500","2531078","2531077","2531077","1","0","0","0","0","0","0","0","0","0","0","0","0","0","1722","1090","0"
"2026-10-05T13:03:59.8939365+08:00","RUN","1000000","2500","2533400","2533399","2533399","1","0","0","0","0","0","0","0","0","0","0","0","0","0","1722","1091","0"
"2026-10-05T13:04:00.8626546+08:00","RUN","1000000","2500","2535725","2535724","2535724","1","0","0","0","0","0","0","0","0","0","0","0","0","0","1722","1092","0"
"2026-10-05T13:04:01.8773755+08:00","RUN","1000000","2500","2538049","2538048","2538048","1","0","0","0","0","0","0","0","0","0","0","0","0","0","1722","1093","0"
"2026-10-05T13:04:02.8605902+08:00","RUN","1000000","2500","2540371","2540370","2540370","1","0","0","0","0","0","0","0","0","0","0","0","0","0","1722","1094","0"
"2026-10-05T13:04:03.8911531+08:00","RUN","1000000","2500","2542695","2542694","2542694","1","0","0","0","0","0","0","0","0","0","0","0","0","0","1722","1095","0"
"2026-10-05T13:04:04.8760617+08:00","RUN","1000000","2500","2545019","2545019","2545018","1","0","0","0","0","0","0","0","0","0","0","0","0","0","1722","1096","0"
"2026-10-05T13:04:05.8657864+08:00","RUN","1000000","2500","2547343","2547342","2547342","1","0","0","0","0","0","0","0","0","0","0","0","0","0","1722","1097","0"
"2026-10-05T13:04:06.8632893+08:00","RUN","1000000","2500","2549666","2549666","2549665","1","0","0","0","0","0","0","0","0","0","0","0","0","0","1722","1098","0"
"2026-10-05T13:04:07.8523945+08:00","RUN","1000000","2500","2551989","2551988","2551988","1","0","0","0","0","0","0","0","0","0","0","0","0","0","1722","1099","0"
"2026-10-05T13:04:08.8734525+08:00","RUN","1000000","2500","2554311","2554310","2554310","1","0","0","0","0","0","0","0","0","0","0","0","0","0","1722","1100","0"
"2026-10-05T13:04:09.8688024+08:00","RUN","1000000","2500","2556630","2556629","2556629","1","0","0","0","0","0","0","0","0","0","0","0","0","0","1722","1101","0"
"2026-10-05T13:04:10.8652653+08:00","RUN","1000000","2500","2558951","2558950","2558950","1","0","0","0","0","0","0","0","0","0","0","0","0","0","1722","1102","0"
"2026-10-05T13:04:11.8428320+08:00","RUN","1000000","2500","2561274","2561273","2561273","1","0","0","0","0","0","0","0","0","0","0","0","0","0","1722","1103","0"
"2026-10-05T13:04:12.8435535+08:00","RUN","1000000","2500","2563597","2563597","2563596","1","0","0","0","0","0","0","0","0","0","0","0","0","0","1722","1104","0"
"2026-10-05T13:04:13.8626994+08:00","RUN","1000000","2500","2565921","2565920","2565920","1","0","0","0","0","0","0","0","0","0","0","0","0","0","1722","1105","0"
"2026-10-05T13:04:14.8604842+08:00","RUN","1000000","2500","2568244","2568243","2568243","1","0","0","0","0","0","0","0","0","0","0","0","0","0","1722","1106","0"
"2026-10-05T13:04:15.8429781+08:00","RUN","1000000","2500","2570568","2570568","2570567","1","0","0","0","0","0","0","0","0","0","0","0","0","0","1722","1107","0"
"2026-10-05T13:04:16.8524889+08:00","RUN","1000000","2500","2572888","2572887","2572887","1","0","0","0","0","0","0","0","0","0","0","0","0","0","1722","1108","0"
"2026-10-05T13:04:17.8353222+08:00","RUN","1000000","2500","2575210","2575209","2575209","1","0","0","0","0","0","0","0","0","0","0","0","0","0","1722","1109","0"
"2026-10-05T13:04:18.8408918+08:00","RUN","1000000","2500","2577531","2577531","2577530","1","0","0","0","0","0","0","0","0","0","0","0","0","0","1722","1110","0"
"2026-10-05T13:04:19.8479501+08:00","RUN","1000000","2500","2579854","2579854","2579853","1","0","0","0","0","0","0","0","0","0","0","0","0","0","1722","1111","0"
"2026-10-05T13:04:20.8243316+08:00","RUN","1000000","2500","2582179","2582178","2582178","1","0","0","0","0","0","0","0","0","0","0","0","0","0","1722","1112","0"
"2026-10-05T13:04:21.8353653+08:00","RUN","1000000","2500","2584503","2584503","2584502","1","0","0","0","0","0","0","0","0","0","0","0","0","0","1722","1113","0"
"2026-10-05T13:04:22.8243442+08:00","RUN","1000000","2500","2586827","2586826","2586826","1","0","0","0","0","0","0","0","0","0","0","0","0","0","1722","1114","0"
"2026-10-05T13:04:23.8189316+08:00","RUN","1000000","2500","2589147","2589146","2589146","1","0","0","0","0","0","0","0","0","0","0","0","0","0","1722","1115","0"
"2026-10-05T13:04:24.8390592+08:00","RUN","1000000","2500","2591469","2591468","2591468","1","0","0","0","0","0","0","0","0","0","0","0","0","0","1722","1116","0"
"2026-10-05T13:04:25.8201594+08:00","RUN","1000000","2500","2593791","2593791","2593790","1","0","0","0","0","0","0","0","0","0","0","0","0","0","1722","1117","0"
"2026-10-05T13:04:26.8418624+08:00","RUN","1000000","2500","2596114","2596113","2596113","1","0","0","0","0","0","0","0","0","0","0","0","0","0","1722","1118","0"
"2026-10-05T13:04:27.8282445+08:00","RUN","1000000","2500","2598436","2598435","2598435","1","0","0","0","0","0","0","0","0","0","0","0","0","0","1722","1119","0"
"2026-10-05T13:04:28.8360019+08:00","RUN","1000000","2500","2600760","2600759","2600759","1","0","0","0","0","0","0","0","0","0","0","0","0","0","1722","1120","0"
"2026-10-05T13:04:29.8374669+08:00","RUN","1000000","2500","2603083","2603083","2603082","1","0","0","0","0","0","0","0","0","0","0","0","0","0","1722","1121","0"
"2026-10-05T13:04:30.8104955+08:00","RUN","1000000","2500","2605405","2605404","2605404","1","0","0","0","0","0","0","0","0","0","0","0","0","0","1722","1122","0"
"2026-10-05T13:04:31.8152247+08:00","RUN","1000000","2500","2607723","2607722","2607722","1","0","0","0","0","0","0","0","0","0","0","0","0","0","1722","1123","0"
"2026-10-05T13:04:32.7994246+08:00","RUN","1000000","2500","2610043","2610042","2610042","1","0","0","0","0","0","0","0","0","0","0","0","0","0","1722","1124","0"
"2026-10-05T13:04:33.8136124+08:00","RUN","1000000","2500","2612361","2612361","2612360","1","0","0","0","0","0","0","0","0","0","0","0","0","0","1722","1125","0"
"2026-10-05T13:04:34.8052726+08:00","RUN","1000000","2500","2614679","2614678","2614678","1","0","0","0","0","0","0","0","0","0","0","0","0","0","1722","1126","0"
"2026-10-05T13:04:35.8194925+08:00","RUN","1000000","2500","2616997","2616997","2616996","1","0","0","0","0","0","0","0","0","0","0","0","0","0","1722","1127","0"
"2026-10-05T13:04:36.8040842+08:00","RUN","1000000","2500","2619316","2619315","2619315","1","0","0","0","0","0","0","0","0","0","0","0","0","0","1722","1128","0"
"2026-10-05T13:04:37.8185151+08:00","RUN","1000000","2500","2621634","2621633","2621633","1","0","0","0","0","0","0","0","0","0","0","0","0","0","1722","1129","0"
"2026-10-05T13:04:38.8059472+08:00","RUN","1000000","2500","2623952","2623952","2623951","1","0","0","0","0","0","0","0","0","0","0","0","0","0","1722","1130","0"
"2026-10-05T13:04:39.7859529+08:00","RUN","1000000","2500","2626271","2626270","2626270","1","0","0","0","0","0","0","0","0","0","0","0","0","0","1722","1131","0"
"2026-10-05T13:04:40.8063222+08:00","RUN","1000000","2500","2628590","2628589","2628589","1","0","0","0","0","0","0","0","0","0","0","0","0","0","1722","1132","0"
"2026-10-05T13:04:41.7912701+08:00","RUN","1000000","2500","2630908","2630907","2630907","1","0","0","0","0","0","0","0","0","0","0","0","0","0","1722","1133","0"
"2026-10-05T13:04:42.8119504+08:00","RUN","1000000","2500","2633227","2633226","2633226","1","0","0","0","0","0","0","0","0","0","0","0","0","0","1722","1134","0"
"2026-10-05T13:04:43.8007614+08:00","RUN","1000000","2500","2635546","2635545","2635545","1","0","0","0","0","0","0","0","0","0","0","0","0","0","1722","1135","0"
"2026-10-05T13:04:44.8002618+08:00","RUN","1000000","2500","2637864","2637863","2637863","1","0","0","0","0","0","0","0","0","0","0","0","0","0","1722","1136","0"
"2026-10-05T13:04:45.7985775+08:00","RUN","1000000","2500","2640187","2640187","2640186","1","0","0","0","0","0","0","0","0","0","0","0","0","0","1722","1137","0"
"2026-10-05T13:04:46.7863297+08:00","RUN","1000000","2500","2642509","2642508","2642508","1","0","0","0","0","0","0","0","0","0","0","0","0","0","1722","1138","0"
"2026-10-05T13:04:47.7796780+08:00","RUN","1000000","2500","2644832","2644831","2644831","1","0","0","0","0","0","0","0","0","0","0","0","0","0","1722","1139","0"
"2026-10-05T13:04:48.7698981+08:00","RUN","1000000","2500","2647154","2647154","2647153","1","0","0","0","0","0","0","0","0","0","0","0","0","0","1722","1140","0"
"2026-10-05T13:04:49.7871991+08:00","RUN","1000000","2500","2649478","2649478","2649477","1","0","0","0","0","0","0","0","0","0","0","0","0","0","1722","1141","0"
"2026-10-05T13:04:50.7783893+08:00","RUN","1000000","2500","2651801","2651801","2651800","1","0","0","0","0","0","0","0","0","0","0","0","0","0","1722","1142","0"
"2026-10-05T13:04:51.7596514+08:00","RUN","1000000","2500","2654123","2654123","2654122","1","0","0","0","0","0","0","0","0","0","0","0","0","0","1722","1143","0"
"2026-10-05T13:04:52.7590605+08:00","RUN","1000000","2500","2656445","2656444","2656444","1","0","0","0","0","0","0","0","0","0","0","0","0","0","1722","1144","0"
"2026-10-05T13:04:53.7757712+08:00","RUN","1000000","2500","2658769","2658768","2658768","1","0","0","0","0","0","0","0","0","0","0","0","0","0","1722","1145","0"
"2026-10-05T13:04:54.7744666+08:00","RUN","1000000","2500","2661092","2661092","2661091","1","0","0","0","0","0","0","0","0","0","0","0","0","0","1722","1146","0"
"2026-10-05T13:04:55.7798054+08:00","RUN","1000000","2500","2663414","2663413","2663413","1","0","0","0","0","0","0","0","0","0","0","0","0","0","1722","1147","0"
"2026-10-05T13:04:56.7507524+08:00","RUN","1000000","2500","2665736","2665735","2665735","1","0","0","0","0","0","0","0","0","0","0","0","0","0","1722","1148","0"
"2026-10-05T13:04:57.7637932+08:00","RUN","1000000","2500","2668059","2668058","2668058","1","0","0","0","0","0","0","0","0","0","0","0","0","0","1722","1149","0"
"2026-10-05T13:04:58.7512770+08:00","RUN","1000000","2500","2670382","2670381","2670381","1","0","0","0","0","0","0","0","0","0","0","0","0","0","1722","1150","0"
"2026-10-05T13:04:59.7795298+08:00","RUN","1000000","2500","2672704","2672704","2672703","1","0","0","0","0","0","0","0","0","0","0","0","0","0","1722","1151","0"
"2026-10-05T13:05:00.7653758+08:00","RUN","1000000","2500","2675027","2675026","2675026","1","0","0","0","0","0","0","0","0","0","0","0","0","0","1722","1152","0"
"2026-10-05T13:05:01.7483745+08:00","RUN","1000000","2500","2677351","2677350","2677350","1","0","0","0","0","0","0","0","0","0","0","0","0","0","1722","1153","0"
"2026-10-05T13:05:02.7467925+08:00","RUN","1000000","2500","2679673","2679672","2679672","1","0","0","0","0","0","0","0","0","0","0","0","0","0","1722","1154","0"
"2026-10-05T13:05:03.7487091+08:00","RUN","1000000","2500","2681996","2681996","2681995","1","0","0","0","0","0","0","0","0","0","0","0","0","0","1722","1155","0"
"2026-10-05T13:05:04.7399156+08:00","RUN","1000000","2500","2684320","2684319","2684319","1","0","0","0","0","0","0","0","0","0","0","0","0","0","1722","1156","0"
"2026-10-05T13:05:05.7408010+08:00","RUN","1000000","2500","2686641","2686640","2686640","1","0","0","0","0","0","0","0","0","0","0","0","0","0","1722","1157","0"
"2026-10-05T13:05:06.7317440+08:00","RUN","1000000","2500","2688960","2688959","2688959","1","0","0","0","0","0","0","0","0","0","0","0","0","0","1722","1158","0"
"2026-10-05T13:05:07.7399241+08:00","RUN","1000000","2500","2691283","2691283","2691282","1","0","0","0","0","0","0","0","0","0","0","0","0","0","1722","1159","0"
"2026-10-05T13:05:08.7322198+08:00","RUN","1000000","2500","2693605","2693604","2693604","1","0","0","0","0","0","0","0","0","0","0","0","0","0","1722","1160","0"
"2026-10-05T13:05:09.7222683+08:00","RUN","1000000","2500","2695929","2695929","2695928","1","0","0","0","0","0","0","0","0","0","0","0","0","0","1722","1161","0"
"2026-10-05T13:05:10.7453711+08:00","RUN","1000000","2500","2698251","2698250","2698250","1","0","0","0","0","0","0","0","0","0","0","0","0","0","1722","1162","0"
"2026-10-05T13:05:11.7370243+08:00","RUN","1000000","2500","2700574","2700574","2700573","1","0","0","0","0","0","0","0","0","0","0","0","0","0","1722","1163","0"
"2026-10-05T13:05:12.7351108+08:00","RUN","1000000","2500","2702897","2702896","2702896","1","0","0","0","0","0","0","0","0","0","0","0","0","0","1722","1164","0"
"2026-10-05T13:05:13.7385506+08:00","RUN","1000000","2500","2705219","2705218","2705218","1","0","0","0","0","0","0","0","0","0","0","0","0","0","1722","1165","0"
"2026-10-05T13:05:14.7330336+08:00","RUN","1000000","2500","2707542","2707541","2707541","1","0","0","0","0","0","0","0","0","0","0","0","0","0","1722","1166","0"
"2026-10-05T13:05:15.7370831+08:00","RUN","1000000","2500","2709863","2709863","2709862","1","0","0","0","0","0","0","0","0","0","0","0","0","0","1722","1167","0"
"2026-10-05T13:05:16.7061879+08:00","RUN","1000000","2500","2712185","2712184","2712184","1","0","0","0","0","0","0","0","0","0","0","0","0","0","1722","1168","0"
"2026-10-05T13:05:17.7287485+08:00","RUN","1000000","2500","2714508","2714507","2714507","1","0","0","0","0","0","0","0","0","0","0","0","0","0","1722","1169","0"
"2026-10-05T13:05:18.7186364+08:00","RUN","1000000","2500","2716832","2716831","2716831","1","0","0","0","0","0","0","0","0","0","0","0","0","0","1722","1170","0"
"2026-10-05T13:05:19.7098812+08:00","RUN","1000000","2500","2719153","2719153","2719152","1","0","0","0","0","0","0","0","0","0","0","0","0","0","1722","1171","0"
"2026-10-05T13:05:20.7118732+08:00","RUN","1000000","2500","2721473","2721473","2721472","1","0","0","0","0","0","0","0","0","0","0","0","0","0","1722","1172","0"
"2026-10-05T13:05:21.7134569+08:00","RUN","1000000","2500","2723797","2723796","2723796","1","0","0","0","0","0","0","0","0","0","0","0","0","0","1722","1173","0"
"2026-10-05T13:05:22.7038987+08:00","RUN","1000000","2500","2726120","2726119","2726119","1","0","0","0","0","0","0","0","0","0","0","0","0","0","1722","1174","0"
"2026-10-05T13:05:23.7026180+08:00","RUN","1000000","2500","2728443","2728443","2728442","1","0","0","0","0","0","0","0","0","0","0","0","0","0","1722","1175","0"
"2026-10-05T13:05:24.6903854+08:00","RUN","1000000","2500","2730765","2730765","2730764","1","0","0","0","0","0","0","0","0","0","0","0","0","0","1722","1176","0"
"2026-10-05T13:05:25.7022199+08:00","RUN","1000000","2500","2733089","2733088","2733088","1","0","0","0","0","0","0","0","0","0","0","0","0","0","1722","1177","0"
"2026-10-05T13:05:26.6997347+08:00","RUN","1000000","2500","2735410","2735410","2735409","1","0","0","0","0","0","0","0","0","0","0","0","0","0","1722","1178","0"
"2026-10-05T13:05:27.6857472+08:00","RUN","1000000","2500","2737732","2737731","2737731","1","0","0","0","0","0","0","0","0","0","0","0","0","0","1722","1179","0"
"2026-10-05T13:05:28.6837194+08:00","RUN","1000000","2500","2740055","2740055","2740054","1","0","0","0","0","0","0","0","0","0","0","0","0","0","1722","1180","0"
"2026-10-05T13:05:29.6931983+08:00","RUN","1000000","2500","2742378","2742377","2742377","1","0","0","0","0","0","0","0","0","0","0","0","0","0","1722","1181","0"
"2026-10-05T13:05:30.6794189+08:00","RUN","1000000","2500","2744700","2744699","2744699","1","0","0","0","0","0","0","0","0","0","0","0","0","0","1722","1182","0"
"2026-10-05T13:05:31.7015802+08:00","RUN","1000000","2500","2747021","2747020","2747020","1","0","0","0","0","0","0","0","0","0","0","0","0","0","1722","1183","0"
"2026-10-05T13:05:32.6797236+08:00","RUN","1000000","2500","2749343","2749342","2749342","1","0","0","0","0","0","0","0","0","0","0","0","0","0","1722","1184","0"
"2026-10-05T13:05:33.6835510+08:00","RUN","1000000","2500","2751662","2751661","2751661","1","0","0","0","0","0","0","0","0","0","0","0","0","0","1722","1185","0"
"2026-10-05T13:05:34.6768215+08:00","RUN","1000000","2500","2753980","2753979","2753979","1","0","0","0","0","0","0","0","0","0","0","0","0","0","1722","1186","0"
"2026-10-05T13:05:35.6678773+08:00","RUN","1000000","2500","2756299","2756298","2756298","1","0","0","0","0","0","0","0","0","0","0","0","0","0","1722","1187","0"
"2026-10-05T13:05:36.6886869+08:00","RUN","1000000","2500","2758623","2758622","2758622","1","0","0","0","0","0","0","0","0","0","0","0","0","0","1722","1188","0"
"2026-10-05T13:05:37.6745115+08:00","RUN","1000000","2500","2760945","2760945","2760944","1","0","0","0","0","0","0","0","0","0","0","0","0","0","1722","1189","0"
"2026-10-05T13:05:38.6719742+08:00","RUN","1000000","2500","2763268","2763267","2763267","1","0","0","0","0","0","0","0","0","0","0","0","0","0","1722","1190","0"
"2026-10-05T13:05:39.6657657+08:00","RUN","1000000","2500","2765591","2765591","2765590","1","0","0","0","0","0","0","0","0","0","0","0","0","0","1722","1191","0"
"2026-10-05T13:05:40.6703643+08:00","RUN","1000000","2500","2767915","2767914","2767914","1","0","0","0","0","0","0","0","0","0","0","0","0","0","1722","1192","0"
"2026-10-05T13:05:41.6605862+08:00","RUN","1000000","2500","2770238","2770237","2770237","1","0","0","0","0","0","0","0","0","0","0","0","0","0","1722","1193","0"
"2026-10-05T13:05:42.6674643+08:00","RUN","1000000","2500","2772560","2772560","2772559","1","0","0","0","0","0","0","0","0","0","0","0","0","0","1722","1194","0"
"2026-10-05T13:05:43.6580367+08:00","RUN","1000000","2500","2774883","2774882","2774882","1","0","0","0","0","0","0","0","0","0","0","0","0","0","1722","1195","0"
"2026-10-05T13:05:44.6487047+08:00","RUN","1000000","2500","2777205","2777204","2777204","1","0","0","0","0","0","0","0","0","0","0","0","0","0","1722","1196","0"
"2026-10-05T13:05:45.6679544+08:00","RUN","1000000","2500","2779529","2779528","2779528","1","0","0","0","0","0","0","0","0","0","0","0","0","0","1722","1197","0"
"2026-10-05T13:05:46.6468182+08:00","RUN","1000000","2500","2781852","2781851","2781851","1","0","0","0","0","0","0","0","0","0","0","0","0","0","1722","1198","0"
"2026-10-05T13:05:47.6561784+08:00","RUN","1000000","2500","2784176","2784175","2784175","1","0","0","0","0","0","0","0","0","0","0","0","0","0","1722","1199","0"
"2026-10-05T13:05:48.6603873+08:00","RUN","1000000","2500","2786495","2786495","2786494","1","0","0","0","0","0","0","0","0","0","0","0","0","0","1722","1200","0"
"2026-10-05T13:05:49.6446813+08:00","RUN","1000000","2500","2788818","2788817","2788817","1","0","0","0","0","0","0","0","0","0","0","0","0","0","1722","1201","0"
"2026-10-05T13:05:50.6325610+08:00","RUN","1000000","2500","2791140","2791139","2791139","1","0","0","0","0","0","0","0","0","0","0","0","0","0","1722","1202","0"
"2026-10-05T13:05:51.6587971+08:00","RUN","1000000","2500","2793464","2793463","2793463","1","0","0","0","0","0","0","0","0","0","0","0","0","0","1722","1203","0"
"2026-10-05T13:05:52.6679889+08:00","RUN","1000000","2500","2795786","2795785","2795785","1","0","0","0","0","0","0","0","0","0","0","0","0","0","1722","1204","0"
"2026-10-05T13:05:53.6518507+08:00","RUN","1000000","2500","2798107","2798107","2798106","1","0","0","0","0","0","0","0","0","0","0","0","0","0","1722","1205","0"
"2026-10-05T13:05:54.6521345+08:00","RUN","1000000","2500","2800430","2800429","2800429","1","0","0","0","0","0","0","0","0","0","0","0","0","0","1722","1206","0"
"2026-10-05T13:05:55.6253594+08:00","RUN","1000000","2500","2802751","2802750","2802750","1","0","0","0","0","0","0","0","0","0","0","0","0","0","1722","1207","0"
"2026-10-05T13:05:56.6227770+08:00","RUN","1000000","2500","2805074","2805074","2805073","1","0","0","0","0","0","0","0","0","0","0","0","0","0","1722","1208","0"
"2026-10-05T13:05:57.6425961+08:00","RUN","1000000","2500","2807398","2807397","2807397","1","0","0","0","0","0","0","0","0","0","0","0","0","0","1722","1209","0"
"2026-10-05T13:05:58.6447277+08:00","RUN","1000000","2500","2809722","2809721","2809721","1","0","0","0","0","0","0","0","0","0","0","0","0","0","1722","1210","0"
"2026-10-05T13:05:59.6281753+08:00","RUN","1000000","2500","2812046","2812045","2812045","1","0","0","0","0","0","0","0","0","0","0","0","0","0","1722","1211","0"
"2026-10-05T13:06:00.6153496+08:00","RUN","1000000","2500","2814370","2814369","2814369","1","0","0","0","0","0","0","0","0","0","0","0","0","0","1722","1212","0"
"2026-10-05T13:06:01.6091934+08:00","RUN","1000000","2500","2816692","2816692","2816691","1","0","0","0","0","0","0","0","0","0","0","0","0","0","1722","1213","0"
"2026-10-05T13:06:02.6258977+08:00","RUN","1000000","2500","2819010","2819009","2819009","1","0","0","0","0","0","0","0","0","0","0","0","0","0","1722","1214","0"
"2026-10-05T13:06:03.6129009+08:00","RUN","1000000","2500","2821332","2821331","2821331","1","0","0","0","0","0","0","0","0","0","0","0","0","0","1722","1215","0"
"2026-10-05T13:06:04.6026848+08:00","RUN","1000000","2500","2823656","2823656","2823655","1","0","0","0","0","0","0","0","0","0","0","0","0","0","1722","1216","0"
"2026-10-05T13:06:05.6284008+08:00","RUN","1000000","2500","2825978","2825978","2825977","1","0","0","0","0","0","0","0","0","0","0","0","0","0","1722","1217","0"
"2026-10-05T13:06:06.6282339+08:00","RUN","1000000","2500","2828299","2828299","2828298","1","0","0","0","0","0","0","0","0","0","0","0","0","0","1722","1218","0"
"2026-10-05T13:06:07.6112111+08:00","RUN","1000000","2500","2830622","2830621","2830621","1","0","0","0","0","0","0","0","0","0","0","0","0","0","1722","1219","0"
"2026-10-05T13:06:08.6006674+08:00","RUN","1000000","2500","2832945","2832944","2832944","1","0","0","0","0","0","0","0","0","0","0","0","0","0","1722","1220","0"
"2026-10-05T13:06:09.6088642+08:00","RUN","1000000","2500","2835266","2835265","2835265","1","0","0","0","0","0","0","0","0","0","0","0","0","0","1722","1221","0"
"2026-10-05T13:06:10.6010558+08:00","RUN","1000000","2500","2837588","2837587","2837587","1","0","0","0","0","0","0","0","0","0","0","0","0","0","1722","1222","0"
"2026-10-05T13:06:11.5925821+08:00","RUN","1000000","2500","2839910","2839910","2839909","1","0","0","0","0","0","0","0","0","0","0","0","0","0","1722","1223","0"
"2026-10-05T13:06:12.5928542+08:00","RUN","1000000","2500","2842232","2842232","2842231","1","0","0","0","0","0","0","0","0","0","0","0","0","0","1722","1224","0"
"2026-10-05T13:06:13.6036799+08:00","RUN","1000000","2500","2844554","2844553","2844553","1","0","0","0","0","0","0","0","0","0","0","0","0","0","1722","1225","0"
"2026-10-05T13:06:14.5916852+08:00","RUN","1000000","2500","2846876","2846876","2846875","1","0","0","0","0","0","0","0","0","0","0","0","0","0","1722","1226","0"
"2026-10-05T13:06:15.5873691+08:00","RUN","1000000","2500","2849199","2849198","2849198","1","0","0","0","0","0","0","0","0","0","0","0","0","0","1722","1227","0"
"2026-10-05T13:06:16.5837031+08:00","RUN","1000000","2500","2851519","2851519","2851518","1","0","0","0","0","0","0","0","0","0","0","0","0","0","1722","1228","0"
"2026-10-05T13:06:17.5795204+08:00","RUN","1000000","2500","2853842","2853841","2853841","1","0","0","0","0","0","0","0","0","0","0","0","0","0","1722","1229","0"
"2026-10-05T13:06:18.5742702+08:00","RUN","1000000","2500","2856165","2856164","2856164","1","0","0","0","0","0","0","0","0","0","0","0","0","0","1722","1230","0"
"2026-10-05T13:06:19.5950497+08:00","RUN","1000000","2500","2858489","2858488","2858488","1","0","0","0","0","0","0","0","0","0","0","0","0","0","1722","1231","0"
"2026-10-05T13:06:20.5753605+08:00","RUN","1000000","2500","2860811","2860810","2860810","1","0","0","0","0","0","0","0","0","0","0","0","0","0","1722","1232","0"
"2026-10-05T13:06:21.5911394+08:00","RUN","1000000","2500","2863135","2863135","2863134","1","0","0","0","0","0","0","0","0","0","0","0","0","0","1722","1233","0"
"2026-10-05T13:06:22.5752549+08:00","RUN","1000000","2500","2865458","2865457","2865457","1","0","0","0","0","0","0","0","0","0","0","0","0","0","1722","1234","0"
"2026-10-05T13:06:23.5831042+08:00","RUN","1000000","2500","2867779","2867778","2867778","1","0","0","0","0","0","0","0","0","0","0","0","0","0","1722","1235","0"
"2026-10-05T13:06:24.5681615+08:00","RUN","1000000","2500","2870104","2870103","2870103","1","0","0","0","0","0","0","0","0","0","0","0","0","0","1722","1236","0"
"2026-10-05T13:06:25.5898514+08:00","RUN","1000000","2500","2872428","2872427","2872427","1","0","0","0","0","0","0","0","0","0","0","0","0","0","1722","1237","0"
"2026-10-05T13:06:26.5720054+08:00","RUN","1000000","2500","2874751","2874750","2874750","1","0","0","0","0","0","0","0","0","0","0","0","0","0","1722","1238","0"
"2026-10-05T13:06:27.5557688+08:00","RUN","1000000","2500","2877071","2877070","2877070","1","0","0","0","0","0","0","0","0","0","0","0","0","0","1722","1239","0"
"2026-10-05T13:06:28.5869374+08:00","RUN","1000000","2500","2879390","2879389","2879389","1","0","0","0","0","0","0","0","0","0","0","0","0","0","1722","1240","0"
"2026-10-05T13:06:29.5658310+08:00","RUN","1000000","2500","2881709","2881709","2881708","1","0","0","0","0","0","0","0","0","0","0","0","0","0","1722","1241","0"
"2026-10-05T13:06:30.5762898+08:00","RUN","1000000","2500","2884028","2884027","2884027","1","0","0","0","0","0","0","0","0","0","0","0","0","0","1722","1242","0"
"2026-10-05T13:06:31.5660995+08:00","RUN","1000000","2500","2886345","2886345","2886344","1","0","0","0","0","0","0","0","0","0","0","0","0","0","1722","1243","0"
"2026-10-05T13:06:32.5621053+08:00","RUN","1000000","2500","2888664","2888664","2888663","1","0","0","0","0","0","0","0","0","0","0","0","0","0","1722","1244","0"
"2026-10-05T13:06:33.5428936+08:00","RUN","1000000","2500","2890983","2890982","2890982","1","0","0","0","0","0","0","0","0","0","0","0","0","0","1722","1245","0"
"2026-10-05T13:06:34.5568389+08:00","RUN","1000000","2500","2893303","2893303","2893302","1","0","0","0","0","0","0","0","0","0","0","0","0","0","1722","1246","0"
"2026-10-05T13:06:35.5385932+08:00","RUN","1000000","2500","2895626","2895626","2895625","1","0","0","0","0","0","0","0","0","0","0","0","0","0","1722","1247","0"
"2026-10-05T13:06:36.5534767+08:00","RUN","1000000","2500","2897949","2897949","2897948","1","0","0","0","0","0","0","0","0","0","0","0","0","0","1722","1248","0"
"2026-10-05T13:06:37.5414588+08:00","RUN","1000000","2500","2900270","2900270","2900269","1","0","0","0","0","0","0","0","0","0","0","0","0","0","1722","1249","0"
"2026-10-05T13:06:38.5421725+08:00","RUN","1000000","2500","2902594","2902593","2902593","1","0","0","0","0","0","0","0","0","0","0","0","0","0","1722","1250","0"
"2026-10-05T13:06:39.5316263+08:00","RUN","1000000","2500","2904918","2904917","2904917","1","0","0","0","0","0","0","0","0","0","0","0","0","0","1722","1251","0"
"2026-10-05T13:06:40.5423234+08:00","RUN","1000000","2500","2907241","2907241","2907240","1","0","0","0","0","0","0","0","0","0","0","0","0","0","1722","1252","0"
"2026-10-05T13:06:41.5264140+08:00","RUN","1000000","2500","2909563","2909562","2909562","1","0","0","0","0","0","0","0","0","0","0","0","0","0","1722","1253","0"
"2026-10-05T13:06:42.5546065+08:00","RUN","1000000","2500","2911886","2911885","2911885","1","0","0","0","0","0","0","0","0","0","0","0","0","0","1722","1254","0"
"2026-10-05T13:06:43.5347680+08:00","RUN","1000000","2500","2914210","2914209","2914209","1","0","0","0","0","0","0","0","0","0","0","0","0","0","1722","1255","0"
"2026-10-05T13:06:44.5238536+08:00","RUN","1000000","2500","2916530","2916529","2916529","1","0","0","0","0","0","0","0","0","0","0","0","0","0","1722","1256","0"
"2026-10-05T13:06:45.5265151+08:00","RUN","1000000","2500","2918851","2918850","2918850","1","0","0","0","0","0","0","0","0","0","0","0","0","0","1722","1257","0"
"2026-10-05T13:06:46.5423822+08:00","RUN","1000000","2500","2921175","2921174","2921174","1","0","0","0","0","0","0","0","0","0","0","0","0","0","1722","1258","0"
"2026-10-05T13:06:47.5148836+08:00","RUN","1000000","2500","2923497","2923497","2923496","1","0","0","0","0","0","0","0","0","0","0","0","0","0","1722","1259","0"
"2026-10-05T13:06:48.5247994+08:00","RUN","1000000","2500","2925818","2925818","2925817","1","0","0","0","0","0","0","0","0","0","0","0","0","0","1722","1260","0"
"2026-10-05T13:06:49.5116670+08:00","RUN","1000000","2500","2928141","2928140","2928140","1","0","0","0","0","0","0","0","0","0","0","0","0","0","1722","1261","0"
"2026-10-05T13:06:50.5339019+08:00","RUN","1000000","2500","2930465","2930464","2930464","1","0","0","0","0","0","0","0","0","0","0","0","0","0","1722","1262","0"
"2026-10-05T13:06:51.5100636+08:00","RUN","1000000","2500","2932786","2932785","2932785","1","0","0","0","0","0","0","0","0","0","0","0","0","0","1722","1263","0"
"2026-10-05T13:06:52.5183215+08:00","RUN","1000000","2500","2935108","2935108","2935107","1","0","0","0","0","0","0","0","0","0","0","0","0","0","1722","1264","0"
"2026-10-05T13:06:53.5227978+08:00","RUN","1000000","2500","2937430","2937429","2937429","1","0","0","0","0","0","0","0","0","0","0","0","0","0","1722","1265","0"
"2026-10-05T13:06:54.5243226+08:00","RUN","1000000","2500","2939753","2939752","2939752","1","0","0","0","0","0","0","0","0","0","0","0","0","0","1722","1266","0"
"2026-10-05T13:06:55.5036474+08:00","RUN","1000000","2500","2942075","2942075","2942074","1","0","0","0","0","0","0","0","0","0","0","0","0","0","1722","1267","0"
"2026-10-05T13:06:56.5232886+08:00","RUN","1000000","2500","2944398","2944397","2944397","1","0","0","0","0","0","0","0","0","0","0","0","0","0","1722","1268","0"
"2026-10-05T13:06:57.4947105+08:00","RUN","1000000","2500","2946722","2946721","2946721","1","0","0","0","0","0","0","0","0","0","0","0","0","0","1722","1269","0"
"2026-10-05T13:06:58.5079090+08:00","RUN","1000000","2500","2949041","2949040","2949040","1","0","0","0","0","0","0","0","0","0","0","0","0","0","1722","1270","0"
"2026-10-05T13:06:59.5005795+08:00","RUN","1000000","2500","2951360","2951360","2951359","1","0","0","0","0","0","0","0","0","0","0","0","0","0","1722","1271","0"
"2026-10-05T13:07:00.4990156+08:00","RUN","1000000","2500","2953682","2953681","2953681","1","0","0","0","0","0","0","0","0","0","0","0","0","0","1722","1272","0"
"2026-10-05T13:07:01.5074678+08:00","RUN","1000000","2500","2956005","2956004","2956004","1","0","0","0","0","0","0","0","0","0","0","0","0","0","1722","1273","0"
"2026-10-05T13:07:02.5130260+08:00","RUN","1000000","2500","2958328","2958327","2958327","1","0","0","0","0","0","0","0","0","0","0","0","0","0","1722","1274","0"
"2026-10-05T13:07:03.4860056+08:00","RUN","1000000","2500","2960651","2960651","2960650","1","0","0","0","0","0","0","0","0","0","0","0","0","0","1722","1275","0"
"2026-10-05T13:07:04.4804777+08:00","RUN","1000000","2500","2962975","2962974","2962974","1","0","0","0","0","0","0","0","0","0","0","0","0","0","1722","1276","0"
"2026-10-05T13:07:05.4811980+08:00","RUN","1000000","2500","2965299","2965298","2965298","1","0","0","0","0","0","0","0","0","0","0","0","0","0","1722","1277","0"
"2026-10-05T13:07:06.4971325+08:00","RUN","1000000","2500","2967620","2967619","2967619","1","0","0","0","0","0","0","0","0","0","0","0","0","0","1722","1278","0"
"2026-10-05T13:07:07.4951333+08:00","RUN","1000000","2500","2969943","2969943","2969942","1","0","0","0","0","0","0","0","0","0","0","0","0","0","1722","1279","0"
"2026-10-05T13:07:08.4888444+08:00","RUN","1000000","2500","2972266","2972266","2972265","1","0","0","0","0","0","0","0","0","0","0","0","0","0","1722","1280","0"
"2026-10-05T13:07:09.4961778+08:00","RUN","1000000","2500","2974589","2974589","2974588","1","0","0","0","0","0","0","0","0","0","0","0","0","0","1722","1281","0"
"2026-10-05T13:07:10.4942333+08:00","RUN","1000000","2500","2976913","2976912","2976912","1","0","0","0","0","0","0","0","0","0","0","0","0","0","1722","1282","0"
"2026-10-05T13:07:11.4710122+08:00","RUN","1000000","2500","2979237","2979236","2979236","1","0","0","0","0","0","0","0","0","0","0","0","0","0","1722","1283","0"
"2026-10-05T13:07:12.4651918+08:00","RUN","1000000","2500","2981559","2981558","2981558","1","0","0","0","0","0","0","0","0","0","0","0","0","0","1722","1284","0"
"2026-10-05T13:07:13.4857337+08:00","RUN","1000000","2500","2983880","2983880","2983879","1","0","0","0","0","0","0","0","0","0","0","0","0","0","1722","1285","0"
"2026-10-05T13:07:14.4803115+08:00","RUN","1000000","2500","2986202","2986202","2986201","1","0","0","0","0","0","0","0","0","0","0","0","0","0","1722","1286","0"
"2026-10-05T13:07:15.4794314+08:00","RUN","1000000","2500","2988526","2988526","2988525","1","0","0","0","0","0","0","0","0","0","0","0","0","0","1722","1287","0"
"2026-10-05T13:07:16.4799849+08:00","RUN","1000000","2500","2990848","2990848","2990847","1","0","0","0","0","0","0","0","0","0","0","0","0","0","1722","1288","0"
"2026-10-05T13:07:17.4551542+08:00","RUN","1000000","2500","2993171","2993171","2993170","1","0","0","0","0","0","0","0","0","0","0","0","0","0","1722","1289","0"
"2026-10-05T13:07:18.4604060+08:00","RUN","1000000","2500","2995493","2995493","2995492","1","0","0","0","0","0","0","0","0","0","0","0","0","0","1722","1290","0"
"2026-10-05T13:07:19.4592091+08:00","RUN","1000000","2500","2997817","2997816","2997816","1","0","0","0","0","0","0","0","0","0","0","0","0","0","1722","1291","0"
"2026-10-05T13:07:20.4484320+08:00","RUN","1000000","2500","3000140","3000139","3000139","1","0","0","0","0","0","0","0","0","0","0","0","0","0","1722","1292","0"
"2026-10-05T13:07:21.4630453+08:00","RUN","1000000","2500","3002463","3002462","3002462","1","0","0","0","0","0","0","0","0","0","0","0","0","0","1722","1293","0"
"2026-10-05T13:07:22.4517363+08:00","RUN","1000000","2500","3004786","3004786","3004785","1","0","0","0","0","0","0","0","0","0","0","0","0","0","1722","1294","0"
"2026-10-05T13:07:23.4476608+08:00","RUN","1000000","2500","3007108","3007107","3007107","1","0","0","0","0","0","0","0","0","0","0","0","0","0","1722","1295","0"
"2026-10-05T13:07:24.4362630+08:00","RUN","1000000","2500","3009431","3009430","3009430","1","0","0","0","0","0","0","0","0","0","0","0","0","0","1722","1296","0"
"2026-10-05T13:07:25.4560903+08:00","RUN","1000000","2500","3011751","3011751","3011750","1","0","0","0","0","0","0","0","0","0","0","0","0","0","1722","1297","0"
"2026-10-05T13:07:26.4364946+08:00","RUN","1000000","2500","3014070","3014069","3014069","1","0","0","0","0","0","0","0","0","0","0","0","0","0","1722","1298","0"
"2026-10-05T13:07:27.4348458+08:00","RUN","1000000","2500","3016388","3016387","3016387","1","0","0","0","0","0","0","0","0","0","0","0","0","0","1722","1299","0"
"2026-10-05T13:07:28.4276734+08:00","RUN","1000000","2500","3018706","3018705","3018705","1","0","0","0","0","0","0","0","0","0","0","0","0","0","1722","1300","0"
"2026-10-05T13:07:29.4505130+08:00","RUN","1000000","2500","3021029","3021028","3021028","1","0","0","0","0","0","0","0","0","0","0","0","0","0","1722","1301","0"
"2026-10-05T13:07:30.4259243+08:00","RUN","1000000","2500","3023351","3023350","3023350","1","0","0","0","0","0","0","0","0","0","0","0","0","0","1722","1302","0"
"2026-10-05T13:07:31.4479168+08:00","RUN","1000000","2500","3025673","3025672","3025672","1","0","0","0","0","0","0","0","0","0","0","0","0","0","1722","1303","0"
"2026-10-05T13:07:32.4414985+08:00","RUN","1000000","2500","3027996","3027995","3027995","1","0","0","0","0","0","0","0","0","0","0","0","0","0","1722","1304","0"
"2026-10-05T13:07:33.4304437+08:00","RUN","1000000","2500","3030320","3030320","3030319","1","0","0","0","0","0","0","0","0","0","0","0","0","0","1722","1305","0"
"2026-10-05T13:07:34.4210196+08:00","RUN","1000000","2500","3032642","3032642","3032641","1","0","0","0","0","0","0","0","0","0","0","0","0","0","1722","1306","0"
"2026-10-05T13:07:35.4254546+08:00","RUN","1000000","2500","3034964","3034964","3034963","1","0","0","0","0","0","0","0","0","0","0","0","0","0","1722","1307","0"
"2026-10-05T13:07:36.4218815+08:00","RUN","1000000","2500","3037287","3037287","3037286","1","0","0","0","0","0","0","0","0","0","0","0","0","0","1722","1308","0"
"2026-10-05T13:07:37.4183211+08:00","RUN","1000000","2500","3039610","3039609","3039609","1","0","0","0","0","0","0","0","0","0","0","0","0","0","1722","1309","0"
"2026-10-05T13:07:38.4257193+08:00","RUN","1000000","2500","3041933","3041933","3041932","1","0","0","0","0","0","0","0","0","0","0","0","0","0","1722","1310","0"
"2026-10-05T13:07:39.4162676+08:00","RUN","1000000","2500","3044257","3044256","3044256","1","0","0","0","0","0","0","0","0","0","0","0","0","0","1722","1311","0"
"2026-10-05T13:07:40.4256360+08:00","RUN","1000000","2500","3046580","3046579","3046579","1","0","0","0","0","0","0","0","0","0","0","0","0","0","1722","1312","0"
"2026-10-05T13:07:41.4136377+08:00","RUN","1000000","2500","3048899","3048898","3048898","1","0","0","0","0","0","0","0","0","0","0","0","0","0","1722","1313","0"
"2026-10-05T13:07:42.4125932+08:00","RUN","1000000","2500","3051223","3051222","3051222","1","0","0","0","0","0","0","0","0","0","0","0","0","0","1722","1314","0"
"2026-10-05T13:07:43.4204309+08:00","RUN","1000000","2500","3053546","3053545","3053545","1","0","0","0","0","0","0","0","0","0","0","0","0","0","1722","1315","0"
"2026-10-05T13:07:44.3979669+08:00","RUN","1000000","2500","3055868","3055867","3055867","1","0","0","0","0","0","0","0","0","0","0","0","0","0","1722","1316","0"
"2026-10-05T13:07:45.4053599+08:00","RUN","1000000","2500","3058191","3058190","3058190","1","0","0","0","0","0","0","0","0","0","0","0","0","0","1722","1317","0"
"2026-10-05T13:07:46.4017222+08:00","RUN","1000000","2500","3060514","3060513","3060513","1","0","0","0","0","0","0","0","0","0","0","0","0","0","1722","1318","0"
"2026-10-05T13:07:47.4114805+08:00","RUN","1000000","2500","3062837","3062836","3062836","1","0","0","0","0","0","0","0","0","0","0","0","0","0","1722","1319","0"
"2026-10-05T13:07:48.4146904+08:00","RUN","1000000","2500","3065159","3065158","3065158","1","0","0","0","0","0","0","0","0","0","0","0","0","0","1722","1320","0"
"2026-10-05T13:07:49.4057591+08:00","RUN","1000000","2500","3067482","3067481","3067481","1","0","0","0","0","0","0","0","0","0","0","0","0","0","1722","1321","0"
"2026-10-05T13:07:50.3975750+08:00","RUN","1000000","2500","3069805","3069805","3069804","1","0","0","0","0","0","0","0","0","0","0","0","0","0","1722","1322","0"
"2026-10-05T13:07:51.4208736+08:00","RUN","1000000","2500","3072126","3072126","3072125","1","0","0","0","0","0","0","0","0","0","0","0","0","0","1722","1323","0"
"2026-10-05T13:07:52.4136580+08:00","RUN","1000000","2500","3074450","3074449","3074449","1","0","0","0","0","0","0","0","0","0","0","0","0","0","1722","1324","0"
"2026-10-05T13:07:53.3935887+08:00","RUN","1000000","2500","3076774","3076773","3076773","1","0","0","0","0","0","0","0","0","0","0","0","0","0","1722","1325","0"
"2026-10-05T13:07:54.3853486+08:00","RUN","1000000","2500","3079095","3079094","3079094","1","0","0","0","0","0","0","0","0","0","0","0","0","0","1722","1326","0"
"2026-10-05T13:07:55.3834288+08:00","RUN","1000000","2500","3081413","3081412","3081412","1","0","0","0","0","0","0","0","0","0","0","0","0","0","1722","1327","0"
"2026-10-05T13:07:56.3810944+08:00","RUN","1000000","2500","3083735","3083734","3083734","1","0","0","0","0","0","0","0","0","0","0","0","0","0","1722","1328","0"
"2026-10-05T13:07:57.3828441+08:00","RUN","1000000","2500","3086058","3086057","3086057","1","0","0","0","0","0","0","0","0","0","0","0","0","0","1722","1329","0"
"2026-10-05T13:07:58.3693824+08:00","RUN","1000000","2500","3088383","3088382","3088382","1","0","0","0","0","0","0","0","0","0","0","0","0","0","1722","1330","0"
"2026-10-05T13:07:59.3917248+08:00","RUN","1000000","2500","3090705","3090705","3090704","1","0","0","0","0","0","0","0","0","0","0","0","0","0","1722","1331","0"
"2026-10-05T13:08:00.3684661+08:00","RUN","1000000","2500","3093028","3093027","3093027","1","0","0","0","0","0","0","0","0","0","0","0","0","0","1722","1332","0"
"2026-10-05T13:08:01.3851379+08:00","RUN","1000000","2500","3095352","3095351","3095351","1","0","0","0","0","0","0","0","0","0","0","0","0","0","1722","1333","0"
"2026-10-05T13:08:02.3833609+08:00","RUN","1000000","2500","3097673","3097672","3097672","1","0","0","0","0","0","0","0","0","0","0","0","0","0","1722","1334","0"
"2026-10-05T13:08:03.3797373+08:00","RUN","1000000","2500","3099996","3099995","3099995","1","0","0","0","0","0","0","0","0","0","0","0","0","0","1722","1335","0"
"2026-10-05T13:08:04.3736008+08:00","RUN","1000000","2500","3102319","3102319","3102318","1","0","0","0","0","0","0","0","0","0","0","0","0","0","1722","1336","0"
"2026-10-05T13:08:05.3860774+08:00","RUN","1000000","2500","3104641","3104640","3104640","1","0","0","0","0","0","0","0","0","0","0","0","0","0","1722","1337","0"
"2026-10-05T13:08:06.3676233+08:00","RUN","1000000","2500","3106963","3106962","3106962","1","0","0","0","0","0","0","0","0","0","0","0","0","0","1722","1338","0"
"2026-10-05T13:08:07.3611444+08:00","RUN","1000000","2500","3109286","3109285","3109285","1","0","0","0","0","0","0","0","0","0","0","0","0","0","1722","1339","0"
"2026-10-05T13:08:08.3516788+08:00","RUN","1000000","2500","3111610","3111609","3111609","1","0","0","0","0","0","0","0","0","0","0","0","0","0","1722","1340","0"
"2026-10-05T13:08:09.3678551+08:00","RUN","1000000","2500","3113928","3113927","3113927","1","0","0","0","0","0","0","0","0","0","0","0","0","0","1722","1341","0"
"2026-10-05T13:08:10.3727340+08:00","RUN","1000000","2500","3116245","3116244","3116244","1","0","0","0","0","0","0","0","0","0","0","0","0","0","1722","1342","0"
"2026-10-05T13:08:11.3634720+08:00","RUN","1000000","2500","3118564","3118563","3118563","1","0","0","0","0","0","0","0","0","0","0","0","0","0","1722","1343","0"
"2026-10-05T13:08:12.3670733+08:00","RUN","1000000","2500","3120883","3120882","3120882","1","0","0","0","0","0","0","0","0","0","0","0","0","0","1722","1344","0"
"2026-10-05T13:08:13.3489695+08:00","RUN","1000000","2500","3123201","3123201","3123200","1","0","0","0","0","0","0","0","0","0","0","0","0","0","1722","1345","0"
"2026-10-05T13:08:14.3667890+08:00","RUN","1000000","2500","3125519","3125519","3125518","1","0","0","0","0","0","0","0","0","0","0","0","0","0","1722","1346","0"
"2026-10-05T13:08:15.3490516+08:00","RUN","1000000","2500","3127838","3127837","3127837","1","0","0","0","0","0","0","0","0","0","0","0","0","0","1722","1347","0"
"2026-10-05T13:08:16.3346562+08:00","RUN","1000000","2500","3130157","3130156","3130156","1","0","0","0","0","0","0","0","0","0","0","0","0","0","1722","1348","0"
"2026-10-05T13:08:17.3486360+08:00","RUN","1000000","2500","3132476","3132475","3132475","1","0","0","0","0","0","0","0","0","0","0","0","0","0","1722","1349","0"
"2026-10-05T13:08:18.3470459+08:00","RUN","1000000","2500","3134795","3134794","3134794","1","0","0","0","0","0","0","0","0","0","0","0","0","0","1722","1350","0"
"2026-10-05T13:08:19.3308846+08:00","RUN","1000000","2500","3137114","3137113","3137113","1","0","0","0","0","0","0","0","0","0","0","0","0","0","1722","1351","0"
"2026-10-05T13:08:20.3498648+08:00","RUN","1000000","2500","3139432","3139431","3139431","1","0","0","0","0","0","0","0","0","0","0","0","0","0","1722","1352","0"
"2026-10-05T13:08:21.3533867+08:00","RUN","1000000","2500","3141751","3141750","3141750","1","0","0","0","0","0","0","0","0","0","0","0","0","0","1722","1353","0"
"2026-10-05T13:08:22.3397829+08:00","RUN","1000000","2500","3144070","3144070","3144069","1","0","0","0","0","0","0","0","0","0","0","0","0","0","1722","1354","0"
"2026-10-05T13:08:23.3448722+08:00","RUN","1000000","2500","3146388","3146387","3146387","1","0","0","0","0","0","0","0","0","0","0","0","0","0","1722","1355","0"
"2026-10-05T13:08:24.3284123+08:00","RUN","1000000","2500","3148706","3148706","3148705","1","0","0","0","0","0","0","0","0","0","0","0","0","0","1722","1356","0"
"2026-10-05T13:08:25.3380665+08:00","RUN","1000000","2500","3151025","3151024","3151024","1","0","0","0","0","0","0","0","0","0","0","0","0","0","1722","1357","0"
"2026-10-05T13:08:26.3163011+08:00","RUN","1000000","2500","3153344","3153343","3153343","1","0","0","0","0","0","0","0","0","0","0","0","0","0","1722","1358","0"
"2026-10-05T13:08:27.3193345+08:00","RUN","1000000","2500","3155662","3155661","3155661","1","0","0","0","0","0","0","0","0","0","0","0","0","0","1722","1359","0"
"2026-10-05T13:08:28.3171155+08:00","RUN","1000000","2500","3157981","3157980","3157980","1","0","0","0","0","0","0","0","0","0","0","0","0","0","1722","1360","0"
"2026-10-05T13:08:29.3088160+08:00","RUN","1000000","2500","3160300","3160299","3160299","1","0","0","0","0","0","0","0","0","0","0","0","0","0","1722","1361","0"
"2026-10-05T13:08:30.3172949+08:00","RUN","1000000","2500","3162618","3162617","3162617","1","0","0","0","0","0","0","0","0","0","0","0","0","0","1722","1362","0"
"2026-10-05T13:08:31.3297116+08:00","RUN","1000000","2500","3164936","3164936","3164935","1","0","0","0","0","0","0","0","0","0","0","0","0","0","1722","1363","0"
"2026-10-05T13:08:32.3160783+08:00","RUN","1000000","2500","3167255","3167254","3167254","1","0","0","0","0","0","0","0","0","0","0","0","0","0","1722","1364","0"
"2026-10-05T13:08:33.3042464+08:00","RUN","1000000","2500","3169574","3169573","3169573","1","0","0","0","0","0","0","0","0","0","0","0","0","0","1722","1365","0"
"2026-10-05T13:08:34.2999996+08:00","RUN","1000000","2500","3171893","3171892","3171892","1","0","0","0","0","0","0","0","0","0","0","0","0","0","1722","1366","0"
"2026-10-05T13:08:35.3193113+08:00","RUN","1000000","2500","3174211","3174210","3174210","1","0","0","0","0","0","0","0","0","0","0","0","0","0","1722","1367","0"
"2026-10-05T13:08:36.3086564+08:00","RUN","1000000","2500","3176529","3176528","3176528","1","0","0","0","0","0","0","0","0","0","0","0","0","0","1722","1368","0"
"2026-10-05T13:08:37.3124862+08:00","RUN","1000000","2500","3178846","3178846","3178845","1","0","0","0","0","0","0","0","0","0","0","0","0","0","1722","1369","0"
"2026-10-05T13:08:38.3153952+08:00","RUN","1000000","2500","3181166","3181165","3181165","1","0","0","0","0","0","0","0","0","0","0","0","0","0","1722","1370","0"
"2026-10-05T13:08:39.2900995+08:00","RUN","1000000","2500","3183489","3183488","3183488","1","0","0","0","0","0","0","0","0","0","0","0","0","0","1722","1371","0"
"2026-10-05T13:08:40.2902693+08:00","RUN","1000000","2500","3185811","3185810","3185810","1","0","0","0","0","0","0","0","0","0","0","0","0","0","1722","1372","0"
"2026-10-05T13:08:41.3004412+08:00","RUN","1000000","2500","3188132","3188131","3188131","1","0","0","0","0","0","0","0","0","0","0","0","0","0","1722","1373","0"
"2026-10-05T13:08:42.3113770+08:00","RUN","1000000","2500","3190453","3190452","3190452","1","0","0","0","0","0","0","0","0","0","0","0","0","0","1722","1374","0"
"2026-10-05T13:08:43.3017496+08:00","RUN","1000000","2500","3192775","3192774","3192774","1","0","0","0","0","0","0","0","0","0","0","0","0","0","1722","1375","0"
"2026-10-05T13:08:44.3054939+08:00","RUN","1000000","2500","3195098","3195097","3195097","1","0","0","0","0","0","0","0","0","0","0","0","0","0","1722","1376","0"
"2026-10-05T13:08:45.2996641+08:00","RUN","1000000","2500","3197419","3197418","3197418","1","0","0","0","0","0","0","0","0","0","0","0","0","0","1722","1377","0"
"2026-10-05T13:08:46.2889163+08:00","RUN","1000000","2500","3199741","3199740","3199740","1","0","0","0","0","0","0","0","0","0","0","0","0","0","1722","1378","0"
"2026-10-05T13:08:47.2722876+08:00","RUN","1000000","2500","3202064","3202063","3202063","1","0","0","0","0","0","0","0","0","0","0","0","0","0","1722","1379","0"
"2026-10-05T13:08:48.2890710+08:00","RUN","1000000","2500","3204388","3204388","3204387","1","0","0","0","0","0","0","0","0","0","0","0","0","0","1722","1380","0"
"2026-10-05T13:08:49.2849900+08:00","RUN","1000000","2500","3206710","3206710","3206709","1","0","0","0","0","0","0","0","0","0","0","0","0","0","1722","1381","0"
"2026-10-05T13:08:50.2887049+08:00","RUN","1000000","2500","3209034","3209033","3209033","1","0","0","0","0","0","0","0","0","0","0","0","0","0","1722","1382","0"
"2026-10-05T13:08:51.2687919+08:00","RUN","1000000","2500","3211352","3211352","3211351","1","0","0","0","0","0","0","0","0","0","0","0","0","0","1722","1383","0"
"2026-10-05T13:08:52.2887484+08:00","RUN","1000000","2500","3213672","3213671","3213671","1","0","0","0","0","0","0","0","0","0","0","0","0","0","1722","1384","0"
"2026-10-05T13:08:53.2873343+08:00","RUN","1000000","2500","3215995","3215994","3215994","1","0","0","0","0","0","0","0","0","0","0","0","0","0","1722","1385","0"
"2026-10-05T13:08:54.2722117+08:00","RUN","1000000","2500","3218316","3218315","3218315","1","0","0","0","0","0","0","0","0","0","0","0","0","0","1722","1386","0"
"2026-10-05T13:08:55.2681011+08:00","RUN","1000000","2500","3220639","3220638","3220638","1","0","0","0","0","0","0","0","0","0","0","0","0","0","1722","1387","0"
"2026-10-05T13:08:56.2720370+08:00","RUN","1000000","2500","3222961","3222960","3222960","1","0","0","0","0","0","0","0","0","0","0","0","0","0","1722","1388","0"
"2026-10-05T13:08:57.2591404+08:00","RUN","1000000","2500","3225282","3225281","3225281","1","0","0","0","0","0","0","0","0","0","0","0","0","0","1722","1389","0"
"2026-10-05T13:08:58.2877629+08:00","RUN","1000000","2500","3227605","3227604","3227604","1","0","0","0","0","0","0","0","0","0","0","0","0","0","1722","1390","0"
"2026-10-05T13:08:59.2654562+08:00","RUN","1000000","2500","3229926","3229925","3229925","1","0","0","0","0","0","0","0","0","0","0","0","0","0","1722","1391","0"
"2026-10-05T13:09:00.2715065+08:00","RUN","1000000","2500","3232249","3232248","3232248","1","0","0","0","0","0","0","0","0","0","0","0","0","0","1722","1392","0"
"2026-10-05T13:09:01.2630341+08:00","RUN","1000000","2500","3234572","3234571","3234571","1","0","0","0","0","0","0","0","0","0","0","0","0","0","1722","1393","0"
"2026-10-05T13:09:02.2776791+08:00","RUN","1000000","2500","3236894","3236893","3236893","1","0","0","0","0","0","0","0","0","0","0","0","0","0","1722","1394","0"
"2026-10-05T13:09:03.2683107+08:00","RUN","1000000","2500","3239216","3239215","3239215","1","0","0","0","0","0","0","0","0","0","0","0","0","0","1722","1395","0"
"2026-10-05T13:09:04.2478320+08:00","RUN","1000000","2500","3241538","3241537","3241537","1","0","0","0","0","0","0","0","0","0","0","0","0","0","1722","1396","0"
"2026-10-05T13:09:05.2417660+08:00","RUN","1000000","2500","3243860","3243859","3243859","1","0","0","0","0","0","0","0","0","0","0","0","0","0","1722","1397","0"
"2026-10-05T13:09:06.2477193+08:00","RUN","1000000","2500","3246179","3246178","3246178","1","0","0","0","0","0","0","0","0","0","0","0","0","0","1722","1398","0"
"2026-10-05T13:09:07.2386909+08:00","RUN","1000000","2500","3248502","3248501","3248501","1","0","0","0","0","0","0","0","0","0","0","0","0","0","1722","1399","0"
"2026-10-05T13:09:08.2475017+08:00","RUN","1000000","2500","3250826","3250825","3250825","1","0","0","0","0","0","0","0","0","0","0","0","0","0","1722","1400","0"
"2026-10-05T13:09:09.2376076+08:00","RUN","1000000","2500","3253148","3253147","3253147","1","0","0","0","0","0","0","0","0","0","0","0","0","0","1722","1401","0"
"2026-10-05T13:09:10.2700855+08:00","RUN","1000000","2500","3255469","3255468","3255468","1","0","0","0","0","0","0","0","0","0","0","0","0","0","1722","1402","0"
"2026-10-05T13:09:11.2466421+08:00","RUN","1000000","2500","3257791","3257790","3257790","1","0","0","0","0","0","0","0","0","0","0","0","0","0","1722","1403","0"
"2026-10-05T13:09:12.2403016+08:00","RUN","1000000","2500","3260114","3260113","3260113","1","0","0","0","0","0","0","0","0","0","0","0","0","0","1722","1404","0"
"2026-10-05T13:09:13.2440068+08:00","RUN","1000000","2500","3262436","3262436","3262435","1","0","0","0","0","0","0","0","0","0","0","0","0","0","1722","1405","0"
"2026-10-05T13:09:14.2257113+08:00","RUN","1000000","2500","3264759","3264759","3264758","1","0","0","0","0","0","0","0","0","0","0","0","0","0","1722","1406","0"
"2026-10-05T13:09:15.2289422+08:00","RUN","1000000","2500","3267080","3267079","3267079","1","0","0","0","0","0","0","0","0","0","0","0","0","0","1722","1407","0"
"2026-10-05T13:09:16.2197813+08:00","RUN","1000000","2500","3269401","3269400","3269400","1","0","0","0","0","0","0","0","0","0","0","0","0","0","1722","1408","0"
"2026-10-05T13:09:17.2430615+08:00","RUN","1000000","2500","3271724","3271723","3271723","1","0","0","0","0","0","0","0","0","0","0","0","0","0","1722","1409","0"
"2026-10-05T13:09:18.2394979+08:00","RUN","1000000","2500","3274043","3274042","3274042","1","0","0","0","0","0","0","0","0","0","0","0","0","0","1722","1410","0"
"2026-10-05T13:09:19.2404709+08:00","RUN","1000000","2500","3276362","3276361","3276361","1","0","0","0","0","0","0","0","0","0","0","0","0","0","1722","1411","0"
"2026-10-05T13:09:20.2252179+08:00","RUN","1000000","2500","3278681","3278680","3278680","1","0","0","0","0","0","0","0","0","0","0","0","0","0","1722","1412","0"
"2026-10-05T13:09:21.2132889+08:00","RUN","1000000","2500","3280998","3280998","3280997","1","0","0","0","0","0","0","0","0","0","0","0","0","0","1722","1413","0"
"2026-10-05T13:09:22.2039634+08:00","RUN","1000000","2500","3283323","3283322","3283322","1","0","0","0","0","0","0","0","0","0","0","0","0","0","1722","1414","0"
"2026-10-05T13:09:23.2103848+08:00","RUN","1000000","2500","3285645","3285644","3285644","1","0","0","0","0","0","0","0","0","0","0","0","0","0","1722","1415","0"
"2026-10-05T13:09:24.2246553+08:00","RUN","1000000","2500","3287968","3287968","3287967","1","0","0","0","0","0","0","0","0","0","0","0","0","0","1722","1416","0"
"2026-10-05T13:09:25.2038360+08:00","RUN","1000000","2500","3290290","3290289","3290289","1","0","0","0","0","0","0","0","0","0","0","0","0","0","1722","1417","0"
"2026-10-05T13:09:26.2067983+08:00","RUN","1000000","2500","3292613","3292613","3292612","1","0","0","0","0","0","0","0","0","0","0","0","0","0","1722","1418","0"
"2026-10-05T13:09:27.2065587+08:00","RUN","1000000","2500","3294934","3294933","3294933","1","0","0","0","0","0","0","0","0","0","0","0","0","0","1722","1419","0"
"2026-10-05T13:09:28.2179180+08:00","RUN","1000000","2500","3297256","3297255","3297255","1","0","0","0","0","0","0","0","0","0","0","0","0","0","1722","1420","0"
"2026-10-05T13:09:29.2087521+08:00","RUN","1000000","2500","3299579","3299578","3299578","1","0","0","0","0","0","0","0","0","0","0","0","0","0","1722","1421","0"
"2026-10-05T13:09:30.1944432+08:00","RUN","1000000","2500","3301900","3301899","3301899","1","0","0","0","0","0","0","0","0","0","0","0","0","0","1722","1422","0"
"2026-10-05T13:09:31.2167958+08:00","RUN","1000000","2500","3304221","3304220","3304220","1","0","0","0","0","0","0","0","0","0","0","0","0","0","1722","1423","0"
"2026-10-05T13:09:32.2111981+08:00","RUN","1000000","2500","3306544","3306544","3306543","1","0","0","0","0","0","0","0","0","0","0","0","0","0","1722","1424","0"
"2026-10-05T13:09:33.1995628+08:00","RUN","1000000","2500","3308866","3308865","3308865","1","0","0","0","0","0","0","0","0","0","0","0","0","0","1722","1425","0"
"2026-10-05T13:09:34.1961387+08:00","RUN","1000000","2500","3311185","3311184","3311184","1","0","0","0","0","0","0","0","0","0","0","0","0","0","1722","1426","0"
"2026-10-05T13:09:35.1973713+08:00","RUN","1000000","2500","3313508","3313507","3313507","1","0","0","0","0","0","0","0","0","0","0","0","0","0","1722","1427","0"
"2026-10-05T13:09:36.1884679+08:00","RUN","1000000","2500","3315830","3315829","3315829","1","0","0","0","0","0","0","0","0","0","0","0","0","0","1722","1428","0"
"2026-10-05T13:09:37.2033548+08:00","RUN","1000000","2500","3318151","3318150","3318150","1","0","0","0","0","0","0","0","0","0","0","0","0","0","1722","1429","0"
"2026-10-05T13:09:38.1941420+08:00","RUN","1000000","2500","3320473","3320472","3320472","1","0","0","0","0","0","0","0","0","0","0","0","0","0","1722","1430","0"
"2026-10-05T13:09:39.2013200+08:00","RUN","1000000","2500","3322794","3322793","3322793","1","0","0","0","0","0","0","0","0","0","0","0","0","0","1722","1431","0"
"2026-10-05T13:09:40.1874441+08:00","RUN","1000000","2500","3325116","3325116","3325115","1","0","0","0","0","0","0","0","0","0","0","0","0","0","1722","1432","0"
"2026-10-05T13:09:41.1971969+08:00","RUN","1000000","2500","3327438","3327437","3327437","1","0","0","0","0","0","0","0","0","0","0","0","0","0","1722","1433","0"
"2026-10-05T13:09:42.1770319+08:00","RUN","1000000","2500","3329761","3329761","3329760","1","0","0","0","0","0","0","0","0","0","0","0","0","0","1722","1434","0"
"2026-10-05T13:09:43.1821818+08:00","RUN","1000000","2500","3332082","3332081","3332081","1","0","0","0","0","0","0","0","0","0","0","0","0","0","1722","1435","0"
"2026-10-05T13:09:44.1708435+08:00","RUN","1000000","2500","3334404","3334403","3334403","1","0","0","0","0","0","0","0","0","0","0","0","0","0","1722","1436","0"
"2026-10-05T13:09:45.1605169+08:00","RUN","1000000","2500","3336725","3336725","3336724","1","0","0","0","0","0","0","0","0","0","0","0","0","0","1722","1437","0"
"2026-10-05T13:09:46.1802427+08:00","RUN","1000000","2500","3339047","3339047","3339046","1","0","0","0","0","0","0","0","0","0","0","0","0","0","1722","1438","0"
"2026-10-05T13:09:47.1635653+08:00","RUN","1000000","2500","3341367","3341366","3341366","1","0","0","0","0","0","0","0","0","0","0","0","0","0","1722","1439","0"
"2026-10-05T13:09:48.1610521+08:00","RUN","1000000","2500","3343686","3343685","3343685","1","0","0","0","0","0","0","0","0","0","0","0","0","0","1722","1440","0"
"2026-10-05T13:09:49.1803755+08:00","RUN","1000000","2500","3346008","3346007","3346007","1","0","0","0","0","0","0","0","0","0","0","0","0","0","1722","1441","0"
"2026-10-05T13:09:50.1753508+08:00","RUN","1000000","2500","3348331","3348330","3348330","1","0","0","0","0","0","0","0","0","0","0","0","0","0","1722","1442","0"
"2026-10-05T13:09:51.1507487+08:00","RUN","1000000","2500","3350653","3350652","3350652","1","0","0","0","0","0","0","0","0","0","0","0","0","0","1722","1443","0"
"2026-10-05T13:09:52.1756393+08:00","RUN","1000000","2500","3352974","3352973","3352973","1","0","0","0","0","0","0","0","0","0","0","0","0","0","1722","1444","0"
"2026-10-05T13:09:53.1473227+08:00","RUN","1000000","2500","3355296","3355296","3355295","1","0","0","0","0","0","0","0","0","0","0","0","0","0","1722","1445","0"
"2026-10-05T13:09:54.1712320+08:00","RUN","1000000","2500","3357618","3357617","3357617","1","0","0","0","0","0","0","0","0","0","0","0","0","0","1722","1446","0"
"2026-10-05T13:09:55.1711784+08:00","RUN","1000000","2500","3359939","3359938","3359938","1","0","0","0","0","0","0","0","0","0","0","0","0","0","1722","1447","0"
"2026-10-05T13:09:56.1515444+08:00","RUN","1000000","2500","3362261","3362261","3362260","1","0","0","0","0","0","0","0","0","0","0","0","0","0","1722","1448","0"
"2026-10-05T13:09:57.1710714+08:00","RUN","1000000","2500","3364583","3364583","3364582","1","0","0","0","0","0","0","0","0","0","0","0","0","0","1722","1449","0"
"2026-10-05T13:09:58.1517871+08:00","RUN","1000000","2500","3366905","3366905","3366904","1","0","0","0","0","0","0","0","0","0","0","0","0","0","1722","1450","0"
"2026-10-05T13:09:59.1509592+08:00","RUN","1000000","2500","3369228","3369227","3369227","1","0","0","0","0","0","0","0","0","0","0","0","0","0","1722","1451","0"
"2026-10-05T13:10:00.1639494+08:00","RUN","1000000","2500","3371550","3371549","3371549","1","0","0","0","0","0","0","0","0","0","0","0","0","0","1722","1452","0"
"2026-10-05T13:10:01.1495550+08:00","RUN","1000000","2500","3373873","3373872","3373872","1","0","0","0","0","0","0","0","0","0","0","0","0","0","1722","1453","0"
"2026-10-05T13:10:02.1664304+08:00","RUN","1000000","2500","3376192","3376191","3376191","1","0","0","0","0","0","0","0","0","0","0","0","0","0","1722","1454","0"
"2026-10-05T13:10:03.1351028+08:00","RUN","1000000","2500","3378514","3378513","3378513","1","0","0","0","0","0","0","0","0","0","0","0","0","0","1722","1455","0"
"2026-10-05T13:10:04.1565688+08:00","RUN","1000000","2500","3380836","3380835","3380835","1","0","0","0","0","0","0","0","0","0","0","0","0","0","1722","1456","0"
"2026-10-05T13:10:05.1347585+08:00","RUN","1000000","2500","3383159","3383158","3383158","1","0","0","0","0","0","0","0","0","0","0","0","0","0","1722","1457","0"
"2026-10-05T13:10:06.1563994+08:00","RUN","1000000","2500","3385481","3385480","3385480","1","0","0","0","0","0","0","0","0","0","0","0","0","0","1722","1458","0"
"2026-10-05T13:10:07.1311112+08:00","RUN","1000000","2500","3387805","3387805","3387804","1","0","0","0","0","0","0","0","0","0","0","0","0","0","1722","1459","0"
"2026-10-05T13:10:08.1433961+08:00","RUN","1000000","2500","3390128","3390127","3390127","1","0","0","0","0","0","0","0","0","0","0","0","0","0","1722","1460","0"
"2026-10-05T13:10:09.1342172+08:00","RUN","1000000","2500","3392448","3392447","3392447","1","0","0","0","0","0","0","0","0","0","0","0","0","0","1722","1461","0"
"2026-10-05T13:10:10.1382928+08:00","RUN","1000000","2500","3394771","3394770","3394770","1","0","0","0","0","0","0","0","0","0","0","0","0","0","1722","1462","0"
"2026-10-05T13:10:11.1273865+08:00","RUN","1000000","2500","3397092","3397092","3397091","1","0","0","0","0","0","0","0","0","0","0","0","0","0","1722","1463","0"
"2026-10-05T13:10:12.1359605+08:00","RUN","1000000","2500","3399415","3399414","3399414","1","0","0","0","0","0","0","0","0","0","0","0","0","0","1722","1464","0"
"2026-10-05T13:10:13.1209439+08:00","RUN","1000000","2500","3401733","3401732","3401732","1","0","0","0","0","0","0","0","0","0","0","0","0","0","1722","1465","0"
"2026-10-05T13:10:14.1414840+08:00","RUN","1000000","2500","3404051","3404050","3404050","1","0","0","0","0","0","0","0","0","0","0","0","0","0","1722","1466","0"
"2026-10-05T13:10:15.1491898+08:00","RUN","1000000","2500","3406369","3406369","3406368","1","0","0","0","0","0","0","0","0","0","0","0","0","0","1722","1467","0"
"2026-10-05T13:10:16.1385563+08:00","RUN","1000000","2500","3408687","3408687","3408686","1","0","0","0","0","0","0","0","0","0","0","0","0","0","1722","1468","0"
"2026-10-05T13:10:17.1227968+08:00","RUN","1000000","2500","3411006","3411006","3411005","1","0","0","0","0","0","0","0","0","0","0","0","0","0","1722","1469","0"
"2026-10-05T13:10:18.1172858+08:00","RUN","1000000","2500","3413324","3413323","3413323","1","0","0","0","0","0","0","0","0","0","0","0","0","0","1722","1470","0"
"2026-10-05T13:10:19.1330145+08:00","RUN","1000000","2500","3415642","3415641","3415641","1","0","0","0","0","0","0","0","0","0","0","0","0","0","1722","1471","0"
"2026-10-05T13:10:20.1047187+08:00","RUN","1000000","2500","3417965","3417964","3417964","1","0","0","0","0","0","0","0","0","0","0","0","0","0","1722","1472","0"
"2026-10-05T13:10:21.1353961+08:00","RUN","1000000","2500","3420288","3420288","3420287","1","0","0","0","0","0","0","0","0","0","0","0","0","0","1722","1473","0"
"2026-10-05T13:10:22.1167076+08:00","RUN","1000000","2500","3422611","3422611","3422610","1","0","0","0","0","0","0","0","0","0","0","0","0","0","1722","1474","0"
"2026-10-05T13:10:23.1071014+08:00","RUN","1000000","2500","3424933","3424932","3424932","1","0","0","0","0","0","0","0","0","0","0","0","0","0","1722","1475","0"
"2026-10-05T13:10:24.1113175+08:00","RUN","1000000","2500","3427255","3427254","3427254","1","0","0","0","0","0","0","0","0","0","0","0","0","0","1722","1476","0"
"2026-10-05T13:10:25.1041510+08:00","RUN","1000000","2500","3429577","3429577","3429576","1","0","0","0","0","0","0","0","0","0","0","0","0","0","1722","1477","0"
"2026-10-05T13:10:26.1118532+08:00","RUN","1000000","2500","3431900","3431900","3431899","1","0","0","0","0","0","0","0","0","0","0","0","0","0","1722","1478","0"
"2026-10-05T13:10:27.1061807+08:00","RUN","1000000","2500","3434221","3434220","3434220","1","0","0","0","0","0","0","0","0","0","0","0","0","0","1722","1479","0"
"2026-10-05T13:10:28.1039122+08:00","RUN","1000000","2500","3436544","3436543","3436543","1","0","0","0","0","0","0","0","0","0","0","0","0","0","1722","1480","0"
"2026-10-05T13:10:29.1026652+08:00","RUN","1000000","2500","3438867","3438866","3438866","1","0","0","0","0","0","0","0","0","0","0","0","0","0","1722","1481","0"
"2026-10-05T13:10:30.1073216+08:00","RUN","1000000","2500","3441186","3441185","3441185","1","0","0","0","0","0","0","0","0","0","0","0","0","0","1722","1482","0"
"2026-10-05T13:10:31.0832781+08:00","RUN","1000000","2500","3443509","3443508","3443508","1","0","0","0","0","0","0","0","0","0","0","0","0","0","1722","1483","0"
"2026-10-05T13:10:32.1079382+08:00","RUN","1000000","2500","3445832","3445831","3445831","1","0","0","0","0","0","0","0","0","0","0","0","0","0","1722","1484","0"
"2026-10-05T13:10:33.0803906+08:00","RUN","1000000","2500","3448154","3448153","3448153","1","0","0","0","0","0","0","0","0","0","0","0","0","0","1722","1485","0"
"2026-10-05T13:10:34.0858659+08:00","RUN","1000000","2500","3450476","3450476","3450475","1","0","0","0","0","0","0","0","0","0","0","0","0","0","1722","1486","0"
"2026-10-05T13:10:35.0942306+08:00","RUN","1000000","2500","3452799","3452799","3452798","1","0","0","0","0","0","0","0","0","0","0","0","0","0","1722","1487","0"
"2026-10-05T13:10:36.0853804+08:00","RUN","1000000","2500","3455121","3455120","3455120","1","0","0","0","0","0","0","0","0","0","0","0","0","0","1722","1488","0"
"2026-10-05T13:10:37.0943972+08:00","RUN","1000000","2500","3457442","3457442","3457441","1","0","0","0","0","0","0","0","0","0","0","0","0","0","1722","1489","0"
"2026-10-05T13:10:38.0817764+08:00","RUN","1000000","2500","3459764","3459763","3459763","1","0","0","0","0","0","0","0","0","0","0","0","0","0","1722","1490","0"
"2026-10-05T13:10:39.0784167+08:00","RUN","1000000","2500","3462085","3462085","3462084","1","0","0","0","0","0","0","0","0","0","0","0","0","0","1722","1491","0"
"2026-10-05T13:10:40.0658888+08:00","RUN","1000000","2500","3464408","3464408","3464407","1","0","0","0","0","0","0","0","0","0","0","0","0","0","1722","1492","0"
"2026-10-05T13:10:41.0722577+08:00","RUN","1000000","2500","3466729","3466729","3466728","1","0","0","0","0","0","0","0","0","0","0","0","0","0","1722","1493","0"
"2026-10-05T13:10:42.0617874+08:00","RUN","1000000","2500","3469052","3469051","3469051","1","0","0","0","0","0","0","0","0","0","0","0","0","0","1722","1494","0"
"2026-10-05T13:10:43.0692331+08:00","RUN","1000000","2500","3471374","3471373","3471373","1","0","0","0","0","0","0","0","0","0","0","0","0","0","1722","1495","0"
"2026-10-05T13:10:44.0592048+08:00","RUN","1000000","2500","3473691","3473691","3473690","1","0","0","0","0","0","0","0","0","0","0","0","0","0","1722","1496","0"
"2026-10-05T13:10:45.0863222+08:00","RUN","1000000","2500","3476010","3476009","3476009","1","0","0","0","0","0","0","0","0","0","0","0","0","0","1722","1497","0"
"2026-10-05T13:10:46.0730450+08:00","RUN","1000000","2500","3478332","3478332","3478331","1","0","0","0","0","0","0","0","0","0","0","0","0","0","1722","1498","0"
"2026-10-05T13:10:47.0667667+08:00","RUN","1000000","2500","3480653","3480653","3480652","1","0","0","0","0","0","0","0","0","0","0","0","0","0","1722","1499","0"
"2026-10-05T13:10:48.0529133+08:00","RUN","1000000","2500","3482975","3482975","3482974","1","0","0","0","0","0","0","0","0","0","0","0","0","0","1722","1500","0"
"2026-10-05T13:10:49.0647383+08:00","RUN","1000000","2500","3485297","3485297","3485296","1","0","0","0","0","0","0","0","0","0","0","0","0","0","1722","1501","0"
"2026-10-05T13:10:50.0543190+08:00","RUN","1000000","2500","3487619","3487619","3487618","1","0","0","0","0","0","0","0","0","0","0","0","0","0","1722","1502","0"
"2026-10-05T13:10:51.0591801+08:00","RUN","1000000","2500","3489939","3489939","3489938","1","0","0","0","0","0","0","0","0","0","0","0","0","0","1722","1503","0"
"2026-10-05T13:10:52.0536871+08:00","RUN","1000000","2500","3492262","3492261","3492261","1","0","0","0","0","0","0","0","0","0","0","0","0","0","1722","1504","0"
"2026-10-05T13:10:53.0566355+08:00","RUN","1000000","2500","3494583","3494583","3494582","1","0","0","0","0","0","0","0","0","0","0","0","0","0","1722","1505","0"
"2026-10-05T13:10:54.0527752+08:00","RUN","1000000","2500","3496906","3496905","3496905","1","0","0","0","0","0","0","0","0","0","0","0","0","0","1722","1506","0"
"2026-10-05T13:10:55.0387762+08:00","RUN","1000000","2500","3499227","3499227","3499226","1","0","0","0","0","0","0","0","0","0","0","0","0","0","1722","1507","0"
"2026-10-05T13:10:56.0662688+08:00","RUN","1000000","2500","3501551","3501550","3501550","1","0","0","0","0","0","0","0","0","0","0","0","0","0","1722","1508","0"
"2026-10-05T13:10:57.0357172+08:00","RUN","1000000","2500","3503873","3503872","3503872","1","0","0","0","0","0","0","0","0","0","0","0","0","0","1722","1509","0"
"2026-10-05T13:10:58.0604796+08:00","RUN","1000000","2500","3506195","3506194","3506194","1","0","0","0","0","0","0","0","0","0","0","0","0","0","1722","1510","0"
"2026-10-05T13:10:59.0533339+08:00","RUN","1000000","2500","3508517","3508516","3508516","1","0","0","0","0","0","0","0","0","0","0","0","0","0","1722","1511","0"
"2026-10-05T13:11:00.0413099+08:00","RUN","1000000","2500","3510840","3510839","3510839","1","0","0","0","0","0","0","0","0","0","0","0","0","0","1722","1512","0"
"2026-10-05T13:11:01.0318375+08:00","RUN","1000000","2500","3513163","3513162","3513162","1","0","0","0","0","0","0","0","0","0","0","0","0","0","1722","1513","0"
"2026-10-05T13:11:02.0548230+08:00","RUN","1000000","2500","3515485","3515484","3515484","1","0","0","0","0","0","0","0","0","0","0","0","0","0","1722","1514","0"
"2026-10-05T13:11:03.0292987+08:00","RUN","1000000","2500","3517808","3517808","3517807","1","0","0","0","0","0","0","0","0","0","0","0","0","0","1722","1515","0"
"2026-10-05T13:11:04.0213128+08:00","RUN","1000000","2500","3520130","3520130","3520129","1","0","0","0","0","0","0","0","0","0","0","0","0","0","1722","1516","0"
"2026-10-05T13:11:05.0293088+08:00","RUN","1000000","2500","3522452","3522451","3522451","1","0","0","0","0","0","0","0","0","0","0","0","0","0","1722","1517","0"
"2026-10-05T13:11:06.0187945+08:00","RUN","1000000","2500","3524774","3524773","3524773","1","0","0","0","0","0","0","0","0","0","0","0","0","0","1722","1518","0"
"2026-10-05T13:11:07.0264460+08:00","RUN","1000000","2500","3527097","3527096","3527096","1","0","0","0","0","0","0","0","0","0","0","0","0","0","1722","1519","0"
"2026-10-05T13:11:08.0168866+08:00","RUN","1000000","2500","3529420","3529419","3529419","1","0","0","0","0","0","0","0","0","0","0","0","0","0","1722","1520","0"
"2026-10-05T13:11:09.0399355+08:00","RUN","1000000","2500","3531741","3531741","3531740","1","0","0","0","0","0","0","0","0","0","0","0","0","0","1722","1521","0"
"2026-10-05T13:11:10.0302724+08:00","RUN","1000000","2500","3534065","3534064","3534064","1","0","0","0","0","0","0","0","0","0","0","0","0","0","1722","1522","0"
"2026-10-05T13:11:11.0206300+08:00","RUN","1000000","2500","3536384","3536383","3536383","1","0","0","0","0","0","0","0","0","0","0","0","0","0","1722","1523","0"
"2026-10-05T13:11:12.0148493+08:00","RUN","1000000","2500","3538703","3538702","3538702","1","0","0","0","0","0","0","0","0","0","0","0","0","0","1722","1524","0"
"2026-10-05T13:11:13.0173002+08:00","RUN","1000000","2500","3541021","3541020","3541020","1","0","0","0","0","0","0","0","0","0","0","0","0","0","1722","1525","0"
"2026-10-05T13:11:14.0077049+08:00","RUN","1000000","2500","3543340","3543340","3543339","1","0","0","0","0","0","0","0","0","0","0","0","0","0","1722","1526","0"
"2026-10-05T13:11:14.9990848+08:00","RUN","1000000","2500","3545662","3545662","3545661","1","0","0","0","0","0","0","0","0","0","0","0","0","0","1722","1527","0"
"2026-10-05T13:11:16.0209205+08:00","RUN","1000000","2500","3547984","3547983","3547983","1","0","0","0","0","0","0","0","0","0","0","0","0","0","1722","1528","0"
"2026-10-05T13:11:16.9972247+08:00","RUN","1000000","2500","3550307","3550306","3550306","1","0","0","0","0","0","0","0","0","0","0","0","0","0","1722","1529","0"
"2026-10-05T13:11:18.0222717+08:00","RUN","1000000","2500","3552629","3552628","3552628","1","0","0","0","0","0","0","0","0","0","0","0","0","0","1722","1530","0"
"2026-10-05T13:11:18.9952111+08:00","RUN","1000000","2500","3554952","3554951","3554951","1","0","0","0","0","0","0","0","0","0","0","0","0","0","1722","1531","0"
"2026-10-05T13:11:20.0204982+08:00","RUN","1000000","2500","3557274","3557273","3557273","1","0","0","0","0","0","0","0","0","0","0","0","0","0","1722","1532","0"
"2026-10-05T13:11:20.9933165+08:00","RUN","1000000","2500","3559596","3559595","3559595","1","0","0","0","0","0","0","0","0","0","0","0","0","0","1722","1533","0"
"2026-10-05T13:11:22.0154638+08:00","RUN","1000000","2500","3561917","3561917","3561916","1","0","0","0","0","0","0","0","0","0","0","0","0","0","1722","1534","0"
"2026-10-05T13:11:23.0059983+08:00","RUN","1000000","2500","3564239","3564238","3564238","1","0","0","0","0","0","0","0","0","0","0","0","0","0","1722","1535","0"
"2026-10-05T13:11:23.9980431+08:00","RUN","1000000","2500","3566562","3566561","3566561","1","0","0","0","0","0","0","0","0","0","0","0","0","0","1722","1536","0"
"2026-10-05T13:11:25.0079521+08:00","RUN","1000000","2500","3568883","3568882","3568882","1","0","0","0","0","0","0","0","0","0","0","0","0","0","1722","1537","0"
"2026-10-05T13:11:25.9856478+08:00","RUN","1000000","2500","3571204","3571203","3571203","1","0","0","0","0","0","0","0","0","0","0","0","0","0","1722","1538","0"
"2026-10-05T13:11:27.0044787+08:00","RUN","1000000","2500","3573524","3573524","3573523","1","0","0","0","0","0","0","0","0","0","0","0","0","0","1722","1539","0"
"2026-10-05T13:11:28.0024907+08:00","RUN","1000000","2500","3575848","3575847","3575847","1","0","0","0","0","0","0","0","0","0","0","0","0","0","1722","1540","0"
"2026-10-05T13:11:29.0005041+08:00","RUN","1000000","2500","3578172","3578172","3578171","1","0","0","0","0","0","0","0","0","0","0","0","0","0","1722","1541","0"
"2026-10-05T13:11:29.9903465+08:00","RUN","1000000","2500","3580493","3580493","3580492","1","0","0","0","0","0","0","0","0","0","0","0","0","0","1722","1542","0"
"2026-10-05T13:11:30.9690278+08:00","RUN","1000000","2500","3582817","3582816","3582816","1","0","0","0","0","0","0","0","0","0","0","0","0","0","1722","1543","0"
"2026-10-05T13:11:31.9904283+08:00","RUN","1000000","2500","3585139","3585138","3585138","1","0","0","0","0","0","0","0","0","0","0","0","0","0","1722","1544","0"
"2026-10-05T13:11:32.9847693+08:00","RUN","1000000","2500","3587463","3587462","3587462","1","0","0","0","0","0","0","0","0","0","0","0","0","0","1722","1545","0"
"2026-10-05T13:11:33.9972522+08:00","RUN","1000000","2500","3589782","3589782","3589781","1","0","0","0","0","0","0","0","0","0","0","0","0","0","1722","1546","0"
"2026-10-05T13:11:34.9616456+08:00","RUN","1000000","2500","3592106","3592105","3592105","1","0","0","0","0","0","0","0","0","0","0","0","0","0","1722","1547","0"
"2026-10-05T13:11:35.9614207+08:00","RUN","1000000","2500","3594428","3594428","3594427","1","0","0","0","0","0","0","0","0","0","0","0","0","0","1722","1548","0"
"2026-10-05T13:11:36.9682106+08:00","RUN","1000000","2500","3596751","3596750","3596750","1","0","0","0","0","0","0","0","0","0","0","0","0","0","1722","1549","0"
"2026-10-05T13:11:37.9898323+08:00","RUN","1000000","2500","3599073","3599072","3599072","1","0","0","0","0","0","0","0","0","0","0","0","0","0","1722","1550","0"
"2026-10-05T13:11:38.9750981+08:00","RUN","1000000","2500","3601394","3601394","3601393","1","0","0","0","0","0","0","0","0","0","0","0","0","0","1722","1551","0"
"2026-10-05T13:11:39.9835752+08:00","RUN","1000000","2500","3603715","3603714","3603714","1","0","0","0","0","0","0","0","0","0","0","0","0","0","1722","1552","0"
"2026-10-05T13:11:40.9677931+08:00","RUN","1000000","2500","3606033","3606032","3606032","1","0","0","0","0","0","0","0","0","0","0","0","0","0","1722","1553","0"
"2026-10-05T13:11:41.9481279+08:00","RUN","1000000","2500","3608355","3608355","3608354","1","0","0","0","0","0","0","0","0","0","0","0","0","0","1722","1554","0"
"2026-10-05T13:11:42.9815892+08:00","RUN","1000000","2500","3610678","3610677","3610677","1","0","0","0","0","0","0","0","0","0","0","0","0","0","1722","1555","0"
"2026-10-05T13:11:43.9604040+08:00","RUN","1000000","2500","3613000","3613000","3612999","1","0","0","0","0","0","0","0","0","0","0","0","0","0","1722","1556","0"
"2026-10-05T13:11:44.9472234+08:00","RUN","1000000","2500","3615322","3615321","3615321","1","0","0","0","0","0","0","0","0","0","0","0","0","0","1722","1557","0"
"2026-10-05T13:11:45.9831076+08:00","RUN","1000000","2500","3617644","3617643","3617643","1","0","0","0","0","0","0","0","0","0","0","0","0","0","1722","1558","0"
"2026-10-05T13:11:46.9598444+08:00","RUN","1000000","2500","3619967","3619967","3619966","1","0","0","0","0","0","0","0","0","0","0","0","0","0","1722","1559","0"
"2026-10-05T13:11:47.9604883+08:00","RUN","1000000","2500","3622288","3622287","3622287","1","0","0","0","0","0","0","0","0","0","0","0","0","0","1722","1560","0"
"2026-10-05T13:11:48.9668927+08:00","RUN","1000000","2500","3624611","3624610","3624610","1","0","0","0","0","0","0","0","0","0","0","0","0","0","1722","1561","0"
"2026-10-05T13:11:49.9666658+08:00","RUN","1000000","2500","3626934","3626933","3626933","1","0","0","0","0","0","0","0","0","0","0","0","0","0","1722","1562","0"
"2026-10-05T13:11:50.9312811+08:00","RUN","1000000","2500","3629256","3629255","3629255","1","0","0","0","0","0","0","0","0","0","0","0","0","0","1722","1563","0"
"2026-10-05T13:11:51.9382915+08:00","RUN","1000000","2500","3631579","3631578","3631578","1","0","0","0","0","0","0","0","0","0","0","0","0","0","1722","1564","0"
"2026-10-05T13:11:52.9424287+08:00","RUN","1000000","2500","3633903","3633902","3633902","1","0","0","0","0","0","0","0","0","0","0","0","0","0","1722","1565","0"
"2026-10-05T13:11:53.9390812+08:00","RUN","1000000","2500","3636226","3636226","3636225","1","0","0","0","0","0","0","0","0","0","0","0","0","0","1722","1566","0"
"2026-10-05T13:11:54.9624252+08:00","RUN","1000000","2500","3638545","3638545","3638544","1","0","0","0","0","0","0","0","0","0","0","0","0","0","1722","1567","0"
"2026-10-05T13:11:55.9533425+08:00","RUN","1000000","2500","3640869","3640868","3640868","1","0","0","0","0","0","0","0","0","0","0","0","0","0","1722","1568","0"
"2026-10-05T13:11:56.9307006+08:00","RUN","1000000","2500","3643191","3643190","3643190","1","0","0","0","0","0","0","0","0","0","0","0","0","0","1722","1569","0"
"2026-10-05T13:11:57.9310179+08:00","RUN","1000000","2500","3645514","3645513","3645513","1","0","0","0","0","0","0","0","0","0","0","0","0","0","1722","1570","0"
"2026-10-05T13:11:58.9291783+08:00","RUN","1000000","2500","3647836","3647835","3647835","1","0","0","0","0","0","0","0","0","0","0","0","0","0","1722","1571","0"
"2026-10-05T13:11:59.9444612+08:00","RUN","1000000","2500","3650158","3650157","3650157","1","0","0","0","0","0","0","0","0","0","0","0","0","0","1722","1572","0"
"2026-10-05T13:12:00.9259802+08:00","RUN","1000000","2500","3652480","3652479","3652479","1","0","0","0","0","0","0","0","0","0","0","0","0","0","1722","1573","0"
"2026-10-05T13:12:01.9230381+08:00","RUN","1000000","2500","3654798","3654797","3654797","1","0","0","0","0","0","0","0","0","0","0","0","0","0","1722","1574","0"
"2026-10-05T13:12:02.9228631+08:00","RUN","1000000","2500","3657116","3657116","3657115","1","0","0","0","0","0","0","0","0","0","0","0","0","0","1722","1575","0"
"2026-10-05T13:12:03.9368713+08:00","RUN","1000000","2500","3659434","3659433","3659433","1","0","0","0","0","0","0","0","0","0","0","0","0","0","1722","1576","0"
"2026-10-05T13:12:04.9068046+08:00","RUN","1000000","2500","3661752","3661751","3661751","1","0","0","0","0","0","0","0","0","0","0","0","0","0","1722","1577","0"
"2026-10-05T13:12:05.9291787+08:00","RUN","1000000","2500","3664070","3664070","3664069","1","0","0","0","0","0","0","0","0","0","0","0","0","0","1722","1578","0"
"2026-10-05T13:12:06.9223739+08:00","RUN","1000000","2500","3666389","3666389","3666388","1","0","0","0","0","0","0","0","0","0","0","0","0","0","1722","1579","0"
"2026-10-05T13:12:07.9109766+08:00","RUN","1000000","2500","3668707","3668707","3668706","1","0","0","0","0","0","0","0","0","0","0","0","0","0","1722","1580","0"
"2026-10-05T13:12:08.9066749+08:00","RUN","1000000","2500","3671026","3671025","3671025","1","0","0","0","0","0","0","0","0","0","0","0","0","0","1722","1581","0"
"2026-10-05T13:12:09.9053038+08:00","RUN","1000000","2500","3673344","3673343","3673343","1","0","0","0","0","0","0","0","0","0","0","0","0","0","1722","1582","0"
"2026-10-05T13:12:10.9060429+08:00","RUN","1000000","2500","3675663","3675662","3675662","1","0","0","0","0","0","0","0","0","0","0","0","0","0","1722","1583","0"
"2026-10-05T13:12:11.8902147+08:00","RUN","1000000","2500","3677981","3677981","3677980","1","0","0","0","0","0","0","0","0","0","0","0","0","0","1722","1584","0"
"2026-10-05T13:12:12.8933598+08:00","RUN","1000000","2500","3680300","3680299","3680299","1","0","0","0","0","0","0","0","0","0","0","0","0","0","1722","1585","0"
"2026-10-05T13:12:13.8901425+08:00","RUN","1000000","2500","3682618","3682618","3682617","1","0","0","0","0","0","0","0","0","0","0","0","0","0","1722","1586","0"
"2026-10-05T13:12:14.8896416+08:00","RUN","1000000","2500","3684936","3684935","3684935","1","0","0","0","0","0","0","0","0","0","0","0","0","0","1722","1587","0"
"2026-10-05T13:12:15.8848598+08:00","RUN","1000000","2500","3687254","3687254","3687253","1","0","0","0","0","0","0","0","0","0","0","0","0","0","1722","1588","0"
"2026-10-05T13:12:16.8911079+08:00","RUN","1000000","2500","3689577","3689576","3689576","1","0","0","0","0","0","0","0","0","0","0","0","0","0","1722","1589","0"
"2026-10-05T13:12:17.8841831+08:00","RUN","1000000","2500","3691899","3691898","3691898","1","0","0","0","0","0","0","0","0","0","0","0","0","0","1722","1590","0"
"2026-10-05T13:12:18.8903297+08:00","RUN","1000000","2500","3694221","3694221","3694220","1","0","0","0","0","0","0","0","0","0","0","0","0","0","1722","1591","0"
"2026-10-05T13:12:19.8791698+08:00","RUN","1000000","2500","3696544","3696543","3696543","1","0","0","0","0","0","0","0","0","0","0","0","0","0","1722","1592","0"
"2026-10-05T13:12:20.8937971+08:00","RUN","1000000","2500","3698866","3698865","3698865","1","0","0","0","0","0","0","0","0","0","0","0","0","0","1722","1593","0"
"2026-10-05T13:12:21.8923299+08:00","RUN","1000000","2500","3701188","3701187","3701187","1","0","0","0","0","0","0","0","0","0","0","0","0","0","1722","1594","0"
"2026-10-05T13:12:22.8911593+08:00","RUN","1000000","2500","3703509","3703508","3703508","1","0","0","0","0","0","0","0","0","0","0","0","0","0","1722","1595","0"
"2026-10-05T13:12:23.8780327+08:00","RUN","1000000","2500","3705831","3705831","3705830","1","0","0","0","0","0","0","0","0","0","0","0","0","0","1722","1596","0"
"2026-10-05T13:12:24.8899396+08:00","RUN","1000000","2500","3708153","3708153","3708152","1","0","0","0","0","0","0","0","0","0","0","0","0","0","1722","1597","0"
"2026-10-05T13:12:25.8889926+08:00","RUN","1000000","2500","3710476","3710476","3710475","1","0","0","0","0","0","0","0","0","0","0","0","0","0","1722","1598","0"
"2026-10-05T13:12:26.8887911+08:00","RUN","1000000","2500","3712798","3712797","3712797","1","0","0","0","0","0","0","0","0","0","0","0","0","0","1722","1599","0"
"2026-10-05T13:12:27.8715315+08:00","RUN","1000000","2500","3715119","3715119","3715118","1","0","0","0","0","0","0","0","0","0","0","0","0","0","1722","1600","0"
"2026-10-05T13:12:28.8612063+08:00","RUN","1000000","2500","3717443","3717442","3717442","1","0","0","0","0","0","0","0","0","0","0","0","0","0","1722","1601","0"
"2026-10-05T13:12:29.8717811+08:00","RUN","1000000","2500","3719764","3719763","3719763","1","0","0","0","0","0","0","0","0","0","0","0","0","0","1722","1602","0"
"2026-10-05T13:12:30.8605044+08:00","RUN","1000000","2500","3722086","3722085","3722085","1","0","0","0","0","0","0","0","0","0","0","0","0","0","1722","1603","0"
"2026-10-05T13:12:31.8779820+08:00","RUN","1000000","2500","3724409","3724408","3724408","1","0","0","0","0","0","0","0","0","0","0","0","0","0","1722","1604","0"
"2026-10-05T13:12:32.8716531+08:00","RUN","1000000","2500","3726731","3726731","3726730","1","0","0","0","0","0","0","0","0","0","0","0","0","0","1722","1605","0"
"2026-10-05T13:12:33.8602670+08:00","RUN","1000000","2500","3729053","3729052","3729052","1","0","0","0","0","0","0","0","0","0","0","0","0","0","1722","1606","0"
"2026-10-05T13:12:34.8549158+08:00","RUN","1000000","2500","3731377","3731376","3731376","1","0","0","0","0","0","0","0","0","0","0","0","0","0","1722","1607","0"
"2026-10-05T13:12:35.8546100+08:00","RUN","1000000","2500","3733701","3733700","3733700","1","0","0","0","0","0","0","0","0","0","0","0","0","0","1722","1608","0"
"2026-10-05T13:12:36.8622950+08:00","RUN","1000000","2500","3736019","3736018","3736018","1","0","0","0","0","0","0","0","0","0","0","0","0","0","1722","1609","0"
"2026-10-05T13:12:37.8517770+08:00","RUN","1000000","2500","3738338","3738338","3738337","1","0","0","0","0","0","0","0","0","0","0","0","0","0","1722","1610","0"
"2026-10-05T13:12:38.8618387+08:00","RUN","1000000","2500","3740660","3740660","3740659","1","0","0","0","0","0","0","0","0","0","0","0","0","0","1722","1611","0"
"2026-10-05T13:12:39.8499348+08:00","RUN","1000000","2500","3742984","3742983","3742983","1","0","0","0","0","0","0","0","0","0","0","0","0","0","1722","1612","0"
"2026-10-05T13:12:40.8449688+08:00","RUN","1000000","2500","3745306","3745306","3745305","1","0","0","0","0","0","0","0","0","0","0","0","0","0","1722","1613","0"
"2026-10-05T13:12:41.8325160+08:00","RUN","1000000","2500","3747629","3747628","3747628","1","0","0","0","0","0","0","0","0","0","0","0","0","0","1722","1614","0"
"2026-10-05T13:12:42.8301648+08:00","RUN","1000000","2500","3749952","3749951","3749951","1","0","0","0","0","0","0","0","0","0","0","0","0","0","1722","1615","0"
"2026-10-05T13:12:43.8460847+08:00","RUN","1000000","2500","3752272","3752272","3752271","1","0","0","0","0","0","0","0","0","0","0","0","0","0","1722","1616","0"
"2026-10-05T13:12:44.8294194+08:00","RUN","1000000","2500","3754594","3754594","3754593","1","0","0","0","0","0","0","0","0","0","0","0","0","0","1722","1617","0"
"2026-10-05T13:12:45.8278107+08:00","RUN","1000000","2500","3756915","3756914","3756914","1","0","0","0","0","0","0","0","0","0","0","0","0","0","1722","1618","0"
"2026-10-05T13:12:46.8459906+08:00","RUN","1000000","2500","3759237","3759237","3759236","1","0","0","0","0","0","0","0","0","0","0","0","0","0","1722","1619","0"
"2026-10-05T13:12:47.8414292+08:00","RUN","1000000","2500","3761559","3761558","3761558","1","0","0","0","0","0","0","0","0","0","0","0","0","0","1722","1620","0"
"2026-10-05T13:12:48.8382135+08:00","RUN","1000000","2500","3763882","3763881","3763881","1","0","0","0","0","0","0","0","0","0","0","0","0","0","1722","1621","0"
"2026-10-05T13:12:49.8224073+08:00","RUN","1000000","2500","3766204","3766203","3766203","1","0","0","0","0","0","0","0","0","0","0","0","0","0","1722","1622","0"
"2026-10-05T13:12:50.8191870+08:00","RUN","1000000","2500","3768524","3768523","3768523","1","0","0","0","0","0","0","0","0","0","0","0","0","0","1722","1623","0"
"2026-10-05T13:12:51.8384562+08:00","RUN","1000000","2500","3770845","3770844","3770844","1","0","0","0","0","0","0","0","0","0","0","0","0","0","1722","1624","0"
"2026-10-05T13:12:52.8282545+08:00","RUN","1000000","2500","3773168","3773168","3773167","1","0","0","0","0","0","0","0","0","0","0","0","0","0","1722","1625","0"
"2026-10-05T13:12:53.8171799+08:00","RUN","1000000","2500","3775490","3775489","3775489","1","0","0","0","0","0","0","0","0","0","0","0","0","0","1722","1626","0"
"2026-10-05T13:12:54.8261015+08:00","RUN","1000000","2500","3777814","3777813","3777813","1","0","0","0","0","0","0","0","0","0","0","0","0","0","1722","1627","0"
"2026-10-05T13:12:55.8156156+08:00","RUN","1000000","2500","3780136","3780136","3780135","1","0","0","0","0","0","0","0","0","0","0","0","0","0","1722","1628","0"
"2026-10-05T13:12:56.8066210+08:00","RUN","1000000","2500","3782459","3782459","3782458","1","0","0","0","0","0","0","0","0","0","0","0","0","0","1722","1629","0"
"2026-10-05T13:12:57.8288455+08:00","RUN","1000000","2500","3784781","3784781","3784780","1","0","0","0","0","0","0","0","0","0","0","0","0","0","1722","1630","0"
"2026-10-05T13:12:58.8047698+08:00","RUN","1000000","2500","3787103","3787102","3787102","1","0","0","0","0","0","0","0","0","0","0","0","0","0","1722","1631","0"
"2026-10-05T13:12:59.7978092+08:00","RUN","1000000","2500","3789424","3789423","3789423","1","0","0","0","0","0","0","0","0","0","0","0","0","0","1722","1632","0"
"2026-10-05T13:13:00.8018359+08:00","RUN","1000000","2500","3791748","3791747","3791747","1","0","0","0","0","0","0","0","0","0","0","0","0","0","1722","1633","0"
"2026-10-05T13:13:01.8249813+08:00","RUN","1000000","2500","3794070","3794070","3794069","1","0","0","0","0","0","0","0","0","0","0","0","0","0","1722","1634","0"
"2026-10-05T13:13:02.8001238+08:00","RUN","1000000","2500","3796393","3796392","3796392","1","0","0","0","0","0","0","0","0","0","0","0","0","0","1722","1635","0"
"2026-10-05T13:13:03.7910649+08:00","RUN","1000000","2500","3798713","3798712","3798712","1","0","0","0","0","0","0","0","0","0","0","0","0","0","1722","1636","0"
"2026-10-05T13:13:04.8001715+08:00","RUN","1000000","2500","3801031","3801030","3801030","1","0","0","0","0","0","0","0","0","0","0","0","0","0","1722","1637","0"
"2026-10-05T13:13:05.7891843+08:00","RUN","1000000","2500","3803349","3803349","3803348","1","0","0","0","0","0","0","0","0","0","0","0","0","0","1722","1638","0"
"2026-10-05T13:13:06.7921951+08:00","RUN","1000000","2500","3805668","3805667","3805667","1","0","0","0","0","0","0","0","0","0","0","0","0","0","1722","1639","0"
"2026-10-05T13:13:07.8115037+08:00","RUN","1000000","2500","3807992","3807992","3807991","1","0","0","0","0","0","0","0","0","0","0","0","0","0","1722","1640","0"
"2026-10-05T13:13:08.7865752+08:00","RUN","1000000","2500","3810315","3810314","3810314","1","0","0","0","0","0","0","0","0","0","0","0","0","0","1722","1641","0"
"2026-10-05T13:13:09.8091380+08:00","RUN","1000000","2500","3812637","3812637","3812636","1","0","0","0","0","0","0","0","0","0","0","0","0","0","1722","1642","0"
"2026-10-05T13:13:10.7843741+08:00","RUN","1000000","2500","3814958","3814957","3814957","1","0","0","0","0","0","0","0","0","0","0","0","0","0","1722","1643","0"
"2026-10-05T13:13:11.8036524+08:00","RUN","1000000","2500","3817279","3817278","3817278","1","0","0","0","0","0","0","0","0","0","0","0","0","0","1722","1644","0"
"2026-10-05T13:13:12.7751502+08:00","RUN","1000000","2500","3819601","3819600","3819600","1","0","0","0","0","0","0","0","0","0","0","0","0","0","1722","1645","0"
"2026-10-05T13:13:13.7975499+08:00","RUN","1000000","2500","3821923","3821922","3821922","1","0","0","0","0","0","0","0","0","0","0","0","0","0","1722","1646","0"
"2026-10-05T13:13:14.7733362+08:00","RUN","1000000","2500","3824247","3824247","3824246","1","0","0","0","0","0","0","0","0","0","0","0","0","0","1722","1647","0"
"2026-10-05T13:13:15.7729442+08:00","RUN","1000000","2500","3826568","3826567","3826567","1","0","0","0","0","0","0","0","0","0","0","0","0","0","1722","1648","0"
"2026-10-05T13:13:16.7794305+08:00","RUN","1000000","2500","3828891","3828890","3828890","1","0","0","0","0","0","0","0","0","0","0","0","0","0","1722","1649","0"
"2026-10-05T13:13:17.7789417+08:00","RUN","1000000","2500","3831214","3831214","3831213","1","0","0","0","0","0","0","0","0","0","0","0","0","0","1722","1650","0"
"2026-10-05T13:13:18.7877765+08:00","RUN","1000000","2500","3833536","3833535","3833535","1","0","0","0","0","0","0","0","0","0","0","0","0","0","1722","1651","0"
"2026-10-05T13:13:19.7757980+08:00","RUN","1000000","2500","3835856","3835855","3835855","1","0","0","0","0","0","0","0","0","0","0","0","0","0","1722","1652","0"
"2026-10-05T13:13:20.7687861+08:00","RUN","1000000","2500","3838179","3838178","3838178","1","0","0","0","0","0","0","0","0","0","0","0","0","0","1722","1653","0"
"2026-10-05T13:13:21.7705787+08:00","RUN","1000000","2500","3840502","3840501","3840501","1","0","0","0","0","0","0","0","0","0","0","0","0","0","1722","1654","0"
"2026-10-05T13:13:22.7720814+08:00","RUN","1000000","2500","3842823","3842823","3842822","1","0","0","0","0","0","0","0","0","0","0","0","0","0","1722","1655","0"
"2026-10-05T13:13:23.7650049+08:00","RUN","1000000","2500","3845146","3845145","3845145","1","0","0","0","0","0","0","0","0","0","0","0","0","0","1722","1656","0"
"2026-10-05T13:13:24.7580949+08:00","RUN","1000000","2500","3847469","3847469","3847468","1","0","0","0","0","0","0","0","0","0","0","0","0","0","1722","1657","0"
"2026-10-05T13:13:25.7544362+08:00","RUN","1000000","2500","3849791","3849790","3849790","1","0","0","0","0","0","0","0","0","0","0","0","0","0","1722","1658","0"
"2026-10-05T13:13:26.7801972+08:00","RUN","1000000","2500","3852112","3852111","3852111","1","0","0","0","0","0","0","0","0","0","0","0","0","0","1722","1659","0"
"2026-10-05T13:13:27.7645683+08:00","RUN","1000000","2500","3854436","3854435","3854435","1","0","0","0","0","0","0","0","0","0","0","0","0","0","1722","1660","0"
"2026-10-05T13:13:28.7654486+08:00","RUN","1000000","2500","3856758","3856758","3856757","1","0","0","0","0","0","0","0","0","0","0","0","0","0","1722","1661","0"
"2026-10-05T13:13:29.7711842+08:00","RUN","1000000","2500","3859080","3859079","3859079","1","0","0","0","0","0","0","0","0","0","0","0","0","0","1722","1662","0"
"2026-10-05T13:13:30.7511698+08:00","RUN","1000000","2500","3861404","3861403","3861403","1","0","0","0","0","0","0","0","0","0","0","0","0","0","1722","1663","0"
"2026-10-05T13:13:31.7642295+08:00","RUN","1000000","2500","3863726","3863726","3863725","1","0","0","0","0","0","0","0","0","0","0","0","0","0","1722","1664","0"
"2026-10-05T13:13:32.7720356+08:00","RUN","1000000","2500","3866046","3866045","3866045","1","0","0","0","0","0","0","0","0","0","0","0","0","0","1722","1665","0"
"2026-10-05T13:13:33.7355354+08:00","RUN","1000000","2500","3868365","3868364","3868364","1","0","0","0","0","0","0","0","0","0","0","0","0","0","1722","1666","0"
"2026-10-05T13:13:34.7642646+08:00","RUN","1000000","2500","3870687","3870686","3870686","1","0","0","0","0","0","0","0","0","0","0","0","0","0","1722","1667","0"
"2026-10-05T13:13:35.7637822+08:00","RUN","1000000","2500","3873009","3873008","3873008","1","0","0","0","0","0","0","0","0","0","0","0","0","0","1722","1668","0"
"2026-10-05T13:13:36.7566666+08:00","RUN","1000000","2500","3875332","3875331","3875331","1","0","0","0","0","0","0","0","0","0","0","0","0","0","1722","1669","0"
"2026-10-05T13:13:37.7281154+08:00","RUN","1000000","2500","3877654","3877653","3877653","1","0","0","0","0","0","0","0","0","0","0","0","0","0","1722","1670","0"
"2026-10-05T13:13:38.7281836+08:00","RUN","1000000","2500","3879975","3879974","3879974","1","0","0","0","0","0","0","0","0","0","0","0","0","0","1722","1671","0"
"2026-10-05T13:13:39.7500815+08:00","RUN","1000000","2500","3882296","3882296","3882295","1","0","0","0","0","0","0","0","0","0","0","0","0","0","1722","1672","0"
"2026-10-05T13:13:40.7276645+08:00","RUN","1000000","2500","3884616","3884615","3884615","1","0","0","0","0","0","0","0","0","0","0","0","0","0","1722","1673","0"
"2026-10-05T13:13:41.7276362+08:00","RUN","1000000","2500","3886938","3886937","3886937","1","0","0","0","0","0","0","0","0","0","0","0","0","0","1722","1674","0"
"2026-10-05T13:13:42.7215588+08:00","RUN","1000000","2500","3889260","3889260","3889259","1","0","0","0","0","0","0","0","0","0","0","0","0","0","1722","1675","0"
"2026-10-05T13:13:43.7204687+08:00","RUN","1000000","2500","3891582","3891582","3891581","1","0","0","0","0","0","0","0","0","0","0","0","0","0","1722","1676","0"
"2026-10-05T13:13:44.7498197+08:00","RUN","1000000","2500","3893905","3893904","3893904","1","0","0","0","0","0","0","0","0","0","0","0","0","0","1722","1677","0"
"2026-10-05T13:13:45.7300594+08:00","RUN","1000000","2500","3896229","3896229","3896228","1","0","0","0","0","0","0","0","0","0","0","0","0","0","1722","1678","0"
"2026-10-05T13:13:46.7409351+08:00","RUN","1000000","2500","3898553","3898552","3898552","1","0","0","0","0","0","0","0","0","0","0","0","0","0","1722","1679","0"
"2026-10-05T13:13:47.7199840+08:00","RUN","1000000","2500","3900873","3900872","3900872","1","0","0","0","0","0","0","0","0","0","0","0","0","0","1722","1680","0"
"2026-10-05T13:13:48.7233235+08:00","RUN","1000000","2500","3903195","3903195","3903194","1","0","0","0","0","0","0","0","0","0","0","0","0","0","1722","1681","0"
"2026-10-05T13:13:49.7307961+08:00","RUN","1000000","2500","3905517","3905517","3905516","1","0","0","0","0","0","0","0","0","0","0","0","0","0","1722","1682","0"
"2026-10-05T13:13:50.7131375+08:00","RUN","1000000","2500","3907840","3907839","3907839","1","0","0","0","0","0","0","0","0","0","0","0","0","0","1722","1683","0"
"2026-10-05T13:13:51.7208061+08:00","RUN","1000000","2500","3910163","3910162","3910162","1","0","0","0","0","0","0","0","0","0","0","0","0","0","1722","1684","0"
"2026-10-05T13:13:52.7277450+08:00","RUN","1000000","2500","3912486","3912485","3912485","1","0","0","0","0","0","0","0","0","0","0","0","0","0","1722","1685","0"
"2026-10-05T13:13:53.7260734+08:00","RUN","1000000","2500","3914809","3914808","3914808","1","0","0","0","0","0","0","0","0","0","0","0","0","0","1722","1686","0"
"2026-10-05T13:13:54.7015004+08:00","RUN","1000000","2500","3917130","3917129","3917129","1","0","0","0","0","0","0","0","0","0","0","0","0","0","1722","1687","0"
"2026-10-05T13:13:55.7089094+08:00","RUN","1000000","2500","3919453","3919452","3919452","1","0","0","0","0","0","0","0","0","0","0","0","0","0","1722","1688","0"
"2026-10-05T13:13:56.6987868+08:00","RUN","1000000","2500","3921774","3921773","3921773","1","0","0","0","0","0","0","0","0","0","0","0","0","0","1722","1689","0"
"2026-10-05T13:13:57.7248089+08:00","RUN","1000000","2500","3924096","3924095","3924095","1","0","0","0","0","0","0","0","0","0","0","0","0","0","1722","1690","0"
"2026-10-05T13:13:58.7132449+08:00","RUN","1000000","2500","3926414","3926413","3926413","1","0","0","0","0","0","0","0","0","0","0","0","0","0","1722","1691","0"
"2026-10-05T13:13:59.6902459+08:00","RUN","1000000","2500","3928732","3928732","3928731","1","0","0","0","0","0","0","0","0","0","0","0","0","0","1722","1692","0"
"2026-10-05T13:14:00.6995247+08:00","RUN","1000000","2500","3931051","3931050","3931050","1","0","0","0","0","0","0","0","0","0","0","0","0","0","1722","1693","0"
"2026-10-05T13:14:01.6980082+08:00","RUN","1000000","2500","3933369","3933368","3933368","1","0","0","0","0","0","0","0","0","0","0","0","0","0","1722","1694","0"
"2026-10-05T13:14:02.7114150+08:00","RUN","1000000","2500","3935687","3935686","3935686","1","0","0","0","0","0","0","0","0","0","0","0","0","0","1722","1695","0"
"2026-10-05T13:14:03.7045245+08:00","RUN","1000000","2500","3938007","3938006","3938006","1","0","0","0","0","0","0","0","0","0","0","0","0","0","1722","1696","0"
"2026-10-05T13:14:04.6808036+08:00","RUN","1000000","2500","3940324","3940323","3940323","1","0","0","0","0","0","0","0","0","0","0","0","0","0","1722","1697","0"
"2026-10-05T13:14:05.6787663+08:00","RUN","1000000","2500","3942646","3942645","3942645","1","0","0","0","0","0","0","0","0","0","0","0","0","0","1722","1698","0"
"2026-10-05T13:14:06.6783894+08:00","RUN","1000000","2500","3944967","3944966","3944966","1","0","0","0","0","0","0","0","0","0","0","0","0","0","1722","1699","0"
"2026-10-05T13:14:07.7010400+08:00","RUN","1000000","2500","3947289","3947288","3947288","1","0","0","0","0","0","0","0","0","0","0","0","0","0","1722","1700","0"
"2026-10-05T13:14:08.6998331+08:00","RUN","1000000","2500","3949610","3949609","3949609","1","0","0","0","0","0","0","0","0","0","0","0","0","0","1722","1701","0"
"2026-10-05T13:14:09.6747508+08:00","RUN","1000000","2500","3951933","3951932","3951932","1","0","0","0","0","0","0","0","0","0","0","0","0","0","1722","1702","0"
"2026-10-05T13:14:10.6941484+08:00","RUN","1000000","2500","3954254","3954254","3954253","1","0","0","0","0","0","0","0","0","0","0","0","0","0","1722","1703","0"
"2026-10-05T13:14:11.6817156+08:00","RUN","1000000","2500","3956577","3956576","3956576","1","0","0","0","0","0","0","0","0","0","0","0","0","0","1722","1704","0"
"2026-10-05T13:14:12.6852186+08:00","RUN","1000000","2500","3958899","3958899","3958898","1","0","0","0","0","0","0","0","0","0","0","0","0","0","1722","1705","0"
"2026-10-05T13:14:13.6839644+08:00","RUN","1000000","2500","3961222","3961222","3961221","1","0","0","0","0","0","0","0","0","0","0","0","0","0","1722","1706","0"
"2026-10-05T13:14:14.6720104+08:00","RUN","1000000","2500","3963545","3963544","3963544","1","0","0","0","0","0","0","0","0","0","0","0","0","0","1722","1707","0"
"2026-10-05T13:14:15.6593815+08:00","RUN","1000000","2500","3965865","3965864","3965864","1","0","0","0","0","0","0","0","0","0","0","0","0","0","1722","1708","0"
"2026-10-05T13:14:16.6870832+08:00","RUN","1000000","2500","3968188","3968187","3968187","1","0","0","0","0","0","0","0","0","0","0","0","0","0","1722","1709","0"
"2026-10-05T13:14:17.6961755+08:00","RUN","1000000","2500","3970510","3970509","3970509","1","0","0","0","0","0","0","0","0","0","0","0","0","0","1722","1710","0"
"2026-10-05T13:14:18.6721702+08:00","RUN","1000000","2500","3972834","3972833","3972833","1","0","0","0","0","0","0","0","0","0","0","0","0","0","1722","1711","0"
"2026-10-05T13:14:19.6589149+08:00","RUN","1000000","2500","3975155","3975155","3975154","1","0","0","0","0","0","0","0","0","0","0","0","0","0","1722","1712","0"
"2026-10-05T13:14:20.6756880+08:00","RUN","1000000","2500","3977478","3977477","3977477","1","0","0","0","0","0","0","0","0","0","0","0","0","0","1722","1713","0"
"2026-10-05T13:14:21.6590787+08:00","RUN","1000000","2500","3979799","3979798","3979798","1","0","0","0","0","0","0","0","0","0","0","0","0","0","1722","1714","0"
"2026-10-05T13:14:22.6474313+08:00","RUN","1000000","2500","3982120","3982119","3982119","1","0","0","0","0","0","0","0","0","0","0","0","0","0","1722","1715","0"
"2026-10-05T13:14:23.6741277+08:00","RUN","1000000","2500","3984443","3984442","3984442","1","0","0","0","0","0","0","0","0","0","0","0","0","0","1722","1716","0"
"2026-10-05T13:14:24.6641650+08:00","RUN","1000000","2500","3986765","3986764","3986764","1","0","0","0","0","0","0","0","0","0","0","0","0","0","1722","1717","0"
"2026-10-05T13:14:25.6631543+08:00","RUN","1000000","2500","3989089","3989088","3989088","1","0","0","0","0","0","0","0","0","0","0","0","0","0","1722","1718","0"
"2026-10-05T13:14:26.6415470+08:00","RUN","1000000","2500","3991410","3991409","3991409","1","0","0","0","0","0","0","0","0","0","0","0","0","0","1722","1719","0"
"2026-10-05T13:14:27.6612130+08:00","RUN","1000000","2500","3993732","3993731","3993731","1","0","0","0","0","0","0","0","0","0","0","0","0","0","1722","1720","0"
"2026-10-05T13:14:28.6651784+08:00","RUN","1000000","2500","3996054","3996053","3996053","1","0","0","0","0","0","0","0","0","0","0","0","0","0","1722","1721","0"
"2026-10-05T13:14:29.6533591+08:00","RUN","1000000","2500","3998373","3998372","3998372","1","0","0","0","0","0","0","0","0","0","0","0","0","0","1722","1722","0"
"2026-10-05T13:14:30.6497204+08:00","RUN","1000000","2500","4000692","4000691","4000691","1","0","0","0","0","0","0","0","0","0","0","0","0","0","1722","1723","0"
"2026-10-05T13:14:31.6463233+08:00","RUN","1000000","2500","4003014","4003013","4003013","1","0","0","0","0","0","0","0","0","0","0","0","0","0","1722","1724","0"
"2026-10-05T13:14:32.6298503+08:00","RUN","1000000","2500","4005336","4005335","4005335","1","0","0","0","0","0","0","0","0","0","0","0","0","0","1722","1725","0"
"2026-10-05T13:14:33.6446172+08:00","RUN","1000000","2500","4007659","4007659","4007658","1","0","0","0","0","0","0","0","0","0","0","0","0","0","1722","1726","0"
"2026-10-05T13:14:34.6679886+08:00","RUN","1000000","2500","4009981","4009980","4009980","1","0","0","0","0","0","0","0","0","0","0","0","0","0","1722","1727","0"
"2026-10-05T13:14:35.6432675+08:00","RUN","1000000","2500","4012304","4012303","4012303","1","0","0","0","0","0","0","0","0","0","0","0","0","0","1722","1728","0"
"2026-10-05T13:14:36.6352278+08:00","RUN","1000000","2500","4014625","4014624","4014624","1","0","0","0","0","0","0","0","0","0","0","0","0","0","1722","1729","0"
"2026-10-05T13:14:37.6473075+08:00","RUN","1000000","2500","4016948","4016947","4016947","1","0","0","0","0","0","0","0","0","0","0","0","0","0","1722","1730","0"
"2026-10-05T13:14:38.6445317+08:00","RUN","1000000","2500","4019271","4019270","4019270","1","0","0","0","0","0","0","0","0","0","0","0","0","0","1722","1731","0"
"2026-10-05T13:14:39.6352824+08:00","RUN","1000000","2500","4021594","4021593","4021593","1","0","0","0","0","0","0","0","0","0","0","0","0","0","1722","1732","0"
"2026-10-05T13:14:40.6333781+08:00","RUN","1000000","2500","4023916","4023915","4023915","1","0","0","0","0","0","0","0","0","0","0","0","0","0","1722","1733","0"
"2026-10-05T13:14:41.6174862+08:00","RUN","1000000","2500","4026239","4026238","4026238","1","0","0","0","0","0","0","0","0","0","0","0","0","0","1722","1734","0"
"2026-10-05T13:14:42.6251229+08:00","RUN","1000000","2500","4028561","4028560","4028560","1","0","0","0","0","0","0","0","0","0","0","0","0","0","1722","1735","0"
"2026-10-05T13:14:43.6126043+08:00","RUN","1000000","2500","4030880","4030879","4030879","1","0","0","0","0","0","0","0","0","0","0","0","0","0","1722","1736","0"
"2026-10-05T13:14:44.6085091+08:00","RUN","1000000","2500","4033202","4033201","4033201","1","0","0","0","0","0","0","0","0","0","0","0","0","0","1722","1737","0"
"2026-10-05T13:14:45.6279576+08:00","RUN","1000000","2500","4035525","4035524","4035524","1","0","0","0","0","0","0","0","0","0","0","0","0","0","1722","1738","0"
"2026-10-05T13:14:46.6340000+08:00","RUN","1000000","2500","4037848","4037847","4037847","1","0","0","0","0","0","0","0","0","0","0","0","0","0","1722","1739","0"
"2026-10-05T13:14:47.6028621+08:00","RUN","1000000","2500","4040169","4040169","4040168","1","0","0","0","0","0","0","0","0","0","0","0","0","0","1722","1740","0"
"2026-10-05T13:14:48.5986231+08:00","RUN","1000000","2500","4042493","4042492","4042492","1","0","0","0","0","0","0","0","0","0","0","0","0","0","1722","1741","0"
"2026-10-05T13:14:49.6122901+08:00","RUN","1000000","2500","4044815","4044814","4044814","1","0","0","0","0","0","0","0","0","0","0","0","0","0","1722","1742","0"
"2026-10-05T13:14:50.6082235+08:00","RUN","1000000","2500","4047136","4047136","4047135","1","0","0","0","0","0","0","0","0","0","0","0","0","0","1722","1743","0"
"2026-10-05T13:14:51.6144750+08:00","RUN","1000000","2500","4049459","4049458","4049458","1","0","0","0","0","0","0","0","0","0","0","0","0","0","1722","1744","0"
"2026-10-05T13:14:52.6016905+08:00","RUN","1000000","2500","4051782","4051782","4051781","1","0","0","0","0","0","0","0","0","0","0","0","0","0","1722","1745","0"
"2026-10-05T13:14:53.6097018+08:00","RUN","1000000","2500","4054105","4054104","4054104","1","0","0","0","0","0","0","0","0","0","0","0","0","0","1722","1746","0"
"2026-10-05T13:14:54.6167557+08:00","RUN","1000000","2500","4056427","4056427","4056426","1","0","0","0","0","0","0","0","0","0","0","0","0","0","1722","1747","0"
"2026-10-05T13:14:55.5997310+08:00","RUN","1000000","2500","4058750","4058749","4058749","1","0","0","0","0","0","0","0","0","0","0","0","0","0","1722","1748","0"
"2026-10-05T13:14:56.6017934+08:00","RUN","1000000","2500","4061068","4061067","4061067","1","0","0","0","0","0","0","0","0","0","0","0","0","0","1722","1749","0"
"2026-10-05T13:14:57.5841517+08:00","RUN","1000000","2500","4063386","4063385","4063385","1","0","0","0","0","0","0","0","0","0","0","0","0","0","1722","1750","0"
"2026-10-05T13:14:58.5896968+08:00","RUN","1000000","2500","4065704","4065703","4065703","1","0","0","0","0","0","0","0","0","0","0","0","0","0","1722","1751","0"
"2026-10-05T13:14:59.5889308+08:00","RUN","1000000","2500","4068021","4068020","4068020","1","0","0","0","0","0","0","0","0","0","0","0","0","0","1722","1752","0"
"2026-10-05T13:15:00.5984082+08:00","RUN","1000000","2500","4070338","4070338","4070337","1","0","0","0","0","0","0","0","0","0","0","0","0","0","1722","1753","0"
"2026-10-05T13:15:01.5875037+08:00","RUN","1000000","2500","4072656","4072655","4072655","1","0","0","0","0","0","0","0","0","0","0","0","0","0","1722","1754","0"
"2026-10-05T13:15:02.5843737+08:00","RUN","1000000","2500","4074974","4074973","4074973","1","0","0","0","0","0","0","0","0","0","0","0","0","0","1722","1755","0"
"2026-10-05T13:15:03.5732719+08:00","RUN","1000000","2500","4077292","4077291","4077291","1","0","0","0","0","0","0","0","0","0","0","0","0","0","1722","1756","0"
"2026-10-05T13:15:04.5746234+08:00","RUN","1000000","2500","4079610","4079609","4079609","1","0","0","0","0","0","0","0","0","0","0","0","0","0","1722","1757","0"
"2026-10-05T13:15:05.5732816+08:00","RUN","1000000","2500","4081929","4081928","4081928","1","0","0","0","0","0","0","0","0","0","0","0","0","0","1722","1758","0"
"2026-10-05T13:15:06.5703728+08:00","RUN","1000000","2500","4084247","4084246","4084246","1","0","0","0","0","0","0","0","0","0","0","0","0","0","1722","1759","0"
"2026-10-05T13:15:07.5629147+08:00","RUN","1000000","2500","4086566","4086566","4086565","1","0","0","0","0","0","0","0","0","0","0","0","0","0","1722","1760","0"
"2026-10-05T13:15:08.5859096+08:00","RUN","1000000","2500","4088884","4088884","4088883","1","0","0","0","0","0","0","0","0","0","0","0","0","0","1722","1761","0"
"2026-10-05T13:15:09.5638341+08:00","RUN","1000000","2500","4091203","4091202","4091202","1","0","0","0","0","0","0","0","0","0","0","0","0","0","1722","1762","0"
"2026-10-05T13:15:10.5747701+08:00","RUN","1000000","2500","4093521","4093521","4093520","1","0","0","0","0","0","0","0","0","0","0","0","0","0","1722","1763","0"
"2026-10-05T13:15:11.5795656+08:00","RUN","1000000","2500","4095839","4095838","4095838","1","0","0","0","0","0","0","0","0","0","0","0","0","0","1722","1764","0"
"2026-10-05T13:15:12.5719537+08:00","RUN","1000000","2500","4098157","4098157","4098156","1","0","0","0","0","0","0","0","0","0","0","0","0","0","1722","1765","0"
"2026-10-05T13:15:13.5608784+08:00","RUN","1000000","2500","4100476","4100475","4100475","1","0","0","0","0","0","0","0","0","0","0","0","0","0","1722","1766","0"
"2026-10-05T13:15:14.5532076+08:00","RUN","1000000","2500","4102794","4102794","4102793","1","0","0","0","0","0","0","0","0","0","0","0","0","0","1722","1767","0"
"2026-10-05T13:15:15.5762878+08:00","RUN","1000000","2500","4105112","4105111","4105111","1","0","0","0","0","0","0","0","0","0","0","0","0","0","1722","1768","0"
"2026-10-05T13:15:16.5681888+08:00","RUN","1000000","2500","4107430","4107430","4107429","1","0","0","0","0","0","0","0","0","0","0","0","0","0","1722","1769","0"
"2026-10-05T13:15:17.5424443+08:00","RUN","1000000","2500","4109749","4109748","4109748","1","0","0","0","0","0","0","0","0","0","0","0","0","0","1724","1770","0"
"2026-10-05T13:15:18.5450340+08:00","RUN","1000000","2500","4112067","4112067","4112066","1","0","0","0","0","0","0","0","0","0","0","0","0","0","1724","1771","0"
"2026-10-05T13:15:19.5518661+08:00","RUN","1000000","2500","4114386","4114385","4114385","1","0","0","0","0","0","0","0","0","0","0","0","0","0","1724","1772","0"
"2026-10-05T13:15:20.5625665+08:00","RUN","1000000","2500","4116704","4116703","4116703","1","0","0","0","0","0","0","0","0","0","0","0","0","0","1724","1773","0"
"2026-10-05T13:15:21.5591509+08:00","RUN","1000000","2500","4119022","4119022","4119021","1","0","0","0","0","0","0","0","0","0","0","0","0","0","1724","1774","0"
"2026-10-05T13:15:22.5532146+08:00","RUN","1000000","2500","4121340","4121339","4121339","1","0","0","0","0","0","0","0","0","0","0","0","0","0","1724","1775","0"
"2026-10-05T13:15:23.5355766+08:00","RUN","1000000","2500","4123659","4123658","4123658","1","0","0","0","0","0","0","0","0","0","0","0","0","0","1724","1776","0"
"2026-10-05T13:15:24.5568654+08:00","RUN","1000000","2500","4125977","4125976","4125976","1","0","0","0","0","0","0","0","0","0","0","0","0","0","1724","1777","0"
"2026-10-05T13:15:25.5328723+08:00","RUN","1000000","2500","4128295","4128294","4128294","1","0","0","0","0","0","0","0","0","0","0","0","0","0","1724","1778","0"
"2026-10-05T13:15:26.5454047+08:00","RUN","1000000","2500","4130612","4130611","4130611","1","0","0","0","0","0","0","0","0","0","0","0","0","0","1724","1779","0"
"2026-10-05T13:15:27.5459119+08:00","RUN","1000000","2500","4132931","4132931","4132930","1","0","0","0","0","0","0","0","0","0","0","0","0","0","1724","1780","0"
"2026-10-05T13:15:28.5350723+08:00","RUN","1000000","2500","4135250","4135250","4135249","1","0","0","0","0","0","0","0","0","0","0","0","0","0","1724","1781","0"
"2026-10-05T13:15:29.5421586+08:00","RUN","1000000","2500","4137568","4137568","4137567","1","0","0","0","0","0","0","0","0","0","0","0","0","0","1724","1782","0"
"2026-10-05T13:15:30.5329936+08:00","RUN","1000000","2500","4139887","4139886","4139886","1","0","0","0","0","0","0","0","0","0","0","0","0","0","1724","1783","0"
"2026-10-05T13:15:31.5161742+08:00","RUN","1000000","2500","4142206","4142205","4142205","1","0","0","0","0","0","0","0","0","0","0","0","0","0","1724","1784","0"
"2026-10-05T13:15:32.5403969+08:00","RUN","1000000","2500","4144524","4144524","4144523","1","0","0","0","0","0","0","0","0","0","0","0","0","0","1724","1785","0"
"2026-10-05T13:15:33.5312501+08:00","RUN","1000000","2500","4146842","4146842","4146841","1","0","0","0","0","0","0","0","0","0","0","0","0","0","1724","1786","0"
"2026-10-05T13:15:34.5133388+08:00","RUN","1000000","2500","4149161","4149160","4149160","1","0","0","0","0","0","0","0","0","0","0","0","0","0","1724","1787","0"
"2026-10-05T13:15:35.5295525+08:00","RUN","1000000","2500","4151480","4151479","4151479","1","0","0","0","0","0","0","0","0","0","0","0","0","0","1724","1788","0"
"2026-10-05T13:15:36.5101631+08:00","RUN","1000000","2500","4153798","4153797","4153797","1","0","0","0","0","0","0","0","0","0","0","0","0","0","1724","1789","0"
"2026-10-05T13:15:37.5306949+08:00","RUN","1000000","2500","4156116","4156115","4156115","1","0","0","0","0","0","0","0","0","0","0","0","0","0","1724","1790","0"
"2026-10-05T13:15:38.5200060+08:00","RUN","1000000","2500","4158435","4158435","4158434","1","0","0","0","0","0","0","0","0","0","0","0","0","0","1724","1791","0"
"2026-10-05T13:15:39.5019544+08:00","RUN","1000000","2500","4160753","4160752","4160752","1","0","0","0","0","0","0","0","0","0","0","0","0","0","1724","1792","0"
"2026-10-05T13:15:40.5226017+08:00","RUN","1000000","2500","4163071","4163070","4163070","1","0","0","0","0","0","0","0","0","0","0","0","0","0","1724","1793","0"
"2026-10-05T13:15:41.5036123+08:00","RUN","1000000","2500","4165390","4165389","4165389","1","0","0","0","0","0","0","0","0","0","0","0","0","0","1724","1794","0"
"2026-10-05T13:15:42.5049269+08:00","RUN","1000000","2500","4167708","4167708","4167707","1","0","0","0","0","0","0","0","0","0","0","0","0","0","1724","1795","0"
"2026-10-05T13:15:43.5030142+08:00","RUN","1000000","2500","4170027","4170026","4170026","1","0","0","0","0","0","0","0","0","0","0","0","0","0","1724","1796","0"
"2026-10-05T13:15:44.4935358+08:00","RUN","1000000","2500","4172344","4172344","4172343","1","0","0","0","0","0","0","0","0","0","0","0","0","0","1724","1797","0"
"2026-10-05T13:15:45.5038467+08:00","RUN","1000000","2500","4174662","4174661","4174661","1","0","0","0","0","0","0","0","0","0","0","0","0","0","1724","1798","0"
"2026-10-05T13:15:46.4915979+08:00","RUN","1000000","2500","4176981","4176980","4176980","1","0","0","0","0","0","0","0","0","0","0","0","0","0","1724","1799","0"
"2026-10-05T13:15:47.4992491+08:00","RUN","1000000","2500","4179298","4179297","4179297","1","0","0","0","0","0","0","0","0","0","0","0","0","0","1724","1800","0"
"2026-10-05T13:15:48.4897121+08:00","RUN","1000000","2500","4181617","4181616","4181616","1","0","0","0","0","0","0","0","0","0","0","0","0","0","1724","1801","0"
"2026-10-05T13:15:49.4806194+08:00","RUN","1000000","2500","4183935","4183934","4183934","1","0","0","0","0","0","0","0","0","0","0","0","0","0","1724","1802","0"
"2026-10-05T13:15:50.4940726+08:00","RUN","1000000","2500","4186252","4186252","4186251","1","0","0","0","0","0","0","0","0","0","0","0","0","0","1724","1803","0"
"2026-10-05T13:15:52.4169497+08:00","PAUSED","1000000","2500","4188005","4188005","4188005","0","0","0","0","0","0","0","0","0","0","0","0","0","0","1724","1804","0"
"2026-10-05T13:15:52.4878637+08:00","PAUSED","1000000","2500","4188005","4188005","4188005","0","0","0","0","0","0","0","0","0","0","0","0","0","0","1724","1804","0"
"2026-10-05T13:15:53.4756392+08:00","PAUSED","1000000","2500","4188005","4188005","4188005","0","0","0","0","0","0","0","0","0","0","0","0","0","0","1724","1804","0"
"2026-10-05T13:15:54.4985869+08:00","PAUSED","1000000","2500","4188005","4188005","4188005","0","0","0","0","0","0","0","0","0","0","0","0","0","0","1724","1804","0"
"2026-10-05T13:15:55.4895685+08:00","PAUSED","1000000","2500","4188005","4188005","4188005","0","0","0","0","0","0","0","0","0","0","0","0","0","0","1724","1804","0"
"2026-10-05T13:15:56.4953855+08:00","PAUSED","1000000","2500","4188005","4188005","4188005","0","0","0","0","0","0","0","0","0","0","0","0","0","0","1724","1804","0"
"2026-10-05T13:15:57.6439946+08:00","PAUSED","1000000","2500","4188005","4188005","4188005","0","0","0","0","0","0","0","0","0","0","0","0","0","0","1724","1804","0"
